Attendance,InternalMarks,AssignmentMarks,PracticalMarks,QuizMarks,TotalScore
97.36,40.61,73.69,62.84,53.17,59.8865
97.71,57.27,74.23,98.23,98.23,81.917
99.52,41.84,85.85,91.22,50.0,67.717
90.38,45.65,68.1,55.48,66.27,51.6535
59.41,53.13,67.66,87.43,83.98,71.403
60.6,70.21,87.85,67.65,52.26,68.09
67.01,90.85,89.0,87.51,54.17,82.8575
65.91,91.72,50.72,90.04,53.83,71.36850000000001
97.83,76.97,57.19,57.57,79.08,65.8605
89.45,95.69,60.65,83.09,94.8,82.75550000000001
86.2,70.0,67.58,93.14,77.77,79.98599999999999
59.3,93.34,64.57,66.17,80.18,77.6705
95.48,67.24,83.43,54.02,67.3,70.909
91.39,56.63,91.41,51.36,50.94,66.7105
58.18,94.98,59.6,55.5,51.08,63.7
93.56,63.28,78.15,50.21,94.42,70.56700000000001
63.61,70.2,68.39,66.35,55.13,68.44149999999999
54.04,59.73,75.29,64.97,99.99,65.373
82.84,79.77,81.04,55.52,58.22,61.4295
82.69,99.7,94.68,82.56,83.73,80.2355
54.75,41.53,59.61,99.6,97.45,68.05599999999998
65.94,93.99,54.35,95.05,68.11,72.2395
99.64,40.24,81.36,62.64,86.72,59.3065
83.92,61.85,69.71,88.5,67.54,81.2455
86.5,50.12,58.15,96.84,65.25,78.4575
60.65,85.44,55.85,95.32,60.09,76.841
53.94,43.04,77.95,94.23,91.05,81.05000000000001
63.85,73.21,65.02,89.32,62.87,71.42499999999998
62.44,57.7,99.87,64.65,64.16,77.0615
61.73,48.02,70.3,54.18,99.95,62.43699999999999
59.64,86.31,60.61,74.39,66.37,66.0145
78.74,53.05,81.44,52.74,71.14,59.4345
66.41,53.42,62.21,99.92,99.5,75.3605
91.02,56.5,74.7,67.92,68.47,60.840500000000006
59.2,75.21,74.13,97.92,68.31,75.453
73.23,79.58,72.68,88.66,91.39,72.686
50.68,41.06,89.8,70.56,65.6,64.58699999999999
74.08,54.51,60.83,55.92,61.69,54.846
52.79,65.86,95.22,61.86,71.16,76.036
98.89,59.92,89.57,83.65,85.03,70.524
89.53,93.05,66.66,91.5,52.16,74.41499999999999
74.51,87.26,59.03,98.97,68.7,82.207
54.33,77.55,63.98,56.61,67.31,70.08850000000001
79.62,60.28,66.63,57.8,62.24,62.5355
87.94,82.04,77.85,52.12,82.71,74.6105
59.54,90.62,52.32,63.02,64.5,66.46950000000001
78.41,75.69,95.72,91.05,80.34,74.4005
90.71,87.07,54.93,59.91,75.22,64.285
88.41,84.95,63.96,77.39,60.86,74.3145
90.15,74.3,55.46,72.32,63.33,64.03549999999998
93.97,58.73,62.83,66.29,58.53,65.70150000000001
96.88,84.75,91.88,80.92,52.83,71.70349999999999
70.28,52.41,80.76,75.12,80.96,75.0925
78.44,86.77,61.37,66.74,83.64,68.2895
89.53,88.27,93.59,84.44,58.3,77.74349999999998
84.86,89.33,90.04,64.0,80.77,74.7025
99.78,68.37,87.68,82.16,99.1,79.403
50.68,51.55,92.38,97.86,53.72,74.5145
67.76,45.98,80.98,86.45,74.52,76.56099999999999
64.05,84.6,75.07,70.92,86.65,77.554
63.12,93.18,68.7,87.38,52.3,69.98349999999999
61.13,79.05,61.19,90.46,88.91,83.86
85.46,48.65,77.87,66.29,98.98,73.25550000000001
54.24,96.09,94.47,85.26,54.42,81.3665
87.08,99.35,79.7,71.72,91.11,71.65700000000001
84.67,66.0,95.98,90.93,68.93,77.2365
62.54,75.69,67.85,64.77,57.21,60.7255
62.64,86.63,84.76,96.89,74.66,80.31899999999999
81.44,84.18,82.43,78.74,53.58,73.3265
88.11,98.07,83.52,67.67,76.11,78.43050000000001
93.82,46.89,82.25,70.97,50.97,62.484
92.61,74.84,61.08,67.39,86.43,75.0805
98.24,81.52,57.18,57.31,74.4,61.58550000000001
79.07,93.41,98.93,53.42,72.95,72.75200000000001
95.43,92.45,52.26,66.09,59.81,73.3345
90.43,98.68,73.39,72.93,68.06,76.8655
94.73,70.72,71.25,68.09,59.09,66.8915
50.58,89.85,68.0,50.7,86.77,67.27199999999999
98.3,65.64,89.1,78.95,59.95,70.4535
73.68,65.34,87.27,57.24,80.84,71.60000000000001
89.91,55.2,95.26,60.55,63.98,65.12199999999999
56.36,89.09,69.77,56.04,82.85,72.416
69.8,99.15,78.21,76.02,77.02,77.58949999999999
63.57,55.38,94.62,54.76,71.17,62.645
64.58,43.37,99.69,62.82,83.65,63.94
56.16,88.93,98.46,72.59,70.79,72.657
90.29,77.21,85.89,58.39,91.07,69.629
50.46,97.58,57.16,72.31,86.48,74.067
65.63,55.13,51.16,67.14,77.03,64.651
58.72,44.26,91.26,93.03,93.85,81.4695
79.45,69.55,92.05,89.75,91.44,74.4315
62.71,45.13,87.32,99.64,76.59,85.901
62.95,55.71,64.0,76.45,53.42,64.666
74.42,47.56,81.99,78.77,78.3,69.68599999999999
82.63,53.45,65.81,97.33,67.76,75.5215
56.07,46.37,72.53,69.98,77.01,71.79750000000001
58.78,97.23,69.12,77.78,82.36,75.77
62.36,56.71,95.68,68.95,82.24,74.88499999999999
98.69,66.63,61.71,77.29,83.68,78.12100000000001
69.86,93.92,78.88,54.04,83.96,72.0455
79.95,80.64,68.05,89.19,55.46,68.094
62.08,77.08,83.15,99.26,59.59,85.25150000000001
74.52,82.33,78.23,53.29,81.53,72.5115
53.71,89.73,96.2,90.05,70.41,85.1355
51.74,92.66,55.08,62.09,88.14,71.837
73.44,78.56,61.03,59.88,56.25,72.645
69.93,93.4,88.32,84.67,59.58,76.7645
56.84,72.12,68.44,52.21,77.92,57.8065
84.38,56.64,58.29,73.16,75.04,65.269
99.65,92.8,75.17,50.07,63.32,59.616
69.78,72.49,82.61,77.72,70.42,71.148
81.23,94.37,52.24,73.1,51.75,72.08899999999998
98.15,42.41,64.58,95.77,51.85,67.0245
91.58,63.85,90.47,86.01,54.75,76.321
73.18,96.87,76.01,56.3,78.84,75.476
86.87,54.98,51.77,67.73,93.19,65.403
56.41,96.49,64.1,96.58,63.01,84.601
75.61,97.23,81.96,86.27,51.7,71.197
63.95,92.93,59.97,79.71,85.43,80.8085
58.06,73.82,91.37,77.95,92.77,81.338
71.31,78.82,83.83,69.9,56.91,66.93350000000001
56.55,92.18,73.57,79.26,69.29,70.74950000000001
84.95,86.55,95.78,88.58,57.94,76.06
72.81,77.81,69.59,56.38,55.32,66.96600000000001
76.56,98.94,61.75,98.49,82.41,87.2815
57.32,81.14,83.07,61.97,98.38,68.8855
56.99,98.53,78.66,72.39,83.91,77.4615
79.17,43.44,66.76,51.14,99.24,55.226
99.25,48.34,67.18,77.52,71.72,67.93849999999999
54.81,67.09,69.91,69.09,94.89,79.9985
64.29,63.09,64.56,62.49,60.25,59.467
93.47,86.96,85.51,99.28,55.9,88.172
53.61,49.64,82.57,71.41,85.13,75.47749999999999
93.79,98.57,72.04,70.71,68.57,78.39399999999999
76.21,58.9,69.89,73.16,65.88,61.16199999999999
70.41,65.74,68.25,55.81,83.56,58.875
65.48,56.48,64.17,69.65,66.67,56.402
64.86,74.76,54.28,66.82,78.63,69.43499999999999
65.29,43.52,63.41,73.26,64.97,66.83699999999999
94.24,48.98,66.06,92.83,89.19,67.269
86.19,84.75,77.38,59.64,65.62,75.31599999999999
83.49,51.19,88.69,80.39,76.75,71.5315
89.94,54.13,69.79,51.88,51.16,56.153
62.86,87.58,97.24,65.84,89.59,72.9865
80.9,45.6,91.37,73.63,81.02,66.35650000000001
73.0,66.25,99.24,53.71,59.61,64.865
89.12,41.38,93.81,77.2,60.77,69.5955
65.46,60.81,80.84,65.52,63.12,72.633
82.16,81.94,79.92,99.64,78.83,87.8815
94.11,45.41,56.48,81.55,77.42,64.38799999999999
70.11,93.3,86.12,62.21,63.69,73.1925
53.33,94.57,80.01,55.13,84.7,70.321
75.8,46.3,75.35,52.04,94.45,62.992
67.3,99.44,84.66,54.54,52.18,70.3875
83.61,57.85,72.2,84.0,70.86,72.54599999999999
97.55,45.05,76.19,92.75,79.68,77.9165
74.28,40.3,69.92,57.84,79.32,61.622
73.31,64.51,85.87,70.11,50.98,73.283
82.73,77.79,93.83,67.71,60.53,71.8215
55.17,59.93,92.04,82.23,53.09,76.0085
62.68,90.2,89.3,59.13,78.45,65.054
95.95,83.0,50.69,97.67,82.27,83.509
83.5,61.01,95.59,86.43,57.99,75.338
50.67,84.06,63.74,97.75,66.65,74.43
60.23,96.43,94.4,63.87,66.49,74.9845
84.14,45.59,59.85,79.39,90.99,66.30199999999999
88.22,58.37,71.98,86.61,59.73,75.681
91.99,67.8,87.47,85.55,77.42,76.83000000000001
64.61,69.88,82.01,51.07,89.15,68.752
96.55,72.53,70.8,99.91,91.48,75.9855
77.65,58.04,83.93,96.4,83.33,75.426
84.83,80.04,77.45,55.99,64.98,65.02850000000001
79.84,78.71,63.79,77.18,91.15,73.1315
56.14,74.67,82.32,65.73,87.11,75.7835
98.16,46.83,60.21,93.94,85.22,74.35749999999999
56.14,68.62,84.7,84.88,53.37,81.064
62.74,61.37,50.16,61.18,52.16,64.03200000000001
90.68,69.46,77.44,51.69,84.77,72.5165
80.93,95.31,70.05,64.59,97.24,68.915
91.91,68.83,65.16,51.91,88.69,59.7955
75.79,40.84,75.79,57.07,91.57,61.50750000000001
68.85,66.33,82.27,81.81,77.25,69.90799999999999
96.09,89.24,98.27,87.25,65.23,81.782
51.81,86.8,91.65,73.4,83.89,77.6165
92.81,70.8,85.86,80.01,85.6,75.547
61.54,54.99,73.95,57.79,83.77,67.9125
92.44,67.91,69.61,65.84,97.34,78.149
56.96,73.82,51.63,85.64,68.36,76.6455
79.01,99.99,67.95,68.24,51.98,64.666
94.41,78.65,92.42,67.44,95.42,74.307
73.68,81.66,69.2,59.7,58.02,60.2085
87.33,69.49,73.08,79.74,84.87,69.842
90.23,61.27,63.59,90.48,93.66,75.854
86.82,88.78,63.71,73.47,65.51,71.65050000000001
96.27,69.7,53.09,55.78,91.52,59.417
72.34,99.68,80.69,91.92,66.6,82.834
58.66,67.43,72.4,53.57,89.71,68.679
52.39,44.08,80.3,73.59,53.49,58.353
62.32,80.95,77.34,63.05,82.76,69.057
57.16,42.8,89.94,96.82,83.86,84.0555
77.9,55.03,87.55,86.88,74.57,74.983
59.25,61.22,88.57,78.32,84.35,73.5945
51.95,84.37,74.96,83.39,96.16,75.5375
51.8,69.65,67.69,76.64,86.69,66.86200000000001
91.58,41.72,96.67,57.38,98.06,60.661
79.57,77.01,52.71,85.45,72.43,74.9885
67.9,64.69,57.63,74.63,76.41,64.408
94.71,95.31,70.98,81.72,63.19,74.5985
53.51,69.97,80.7,52.26,99.28,59.31649999999999
99.02,82.54,50.41,57.1,52.76,66.93849999999999
80.81,53.13,85.97,79.47,67.93,66.889
59.17,85.66,77.94,72.97,64.88,71.279
83.95,83.26,74.24,61.34,69.33,70.02000000000001
88.17,94.24,71.17,62.04,95.89,70.35999999999999
71.47,42.03,75.97,81.58,68.4,64.644
93.08,66.85,58.09,52.95,95.85,62.0185
57.54,80.75,55.44,71.71,71.17,74.93100000000001
63.94,45.71,64.48,76.16,92.74,75.9055
54.67,64.64,85.48,65.41,76.09,65.57499999999999
60.54,96.53,79.41,91.03,65.57,75.5145
61.94,66.16,74.01,52.84,72.47,58.897000000000006
95.88,99.12,78.58,93.29,71.22,83.8565
53.91,43.41,77.96,86.16,63.0,68.92349999999999
71.37,83.07,65.35,72.31,64.48,74.839
76.62,74.86,54.87,96.22,59.32,76.14
94.93,70.03,94.84,85.11,66.8,81.971
99.88,98.25,80.0,96.55,81.22,87.547
87.67,47.78,84.89,73.63,69.33,75.51249999999999
98.54,93.76,73.2,72.65,85.62,76.67850000000001
89.36,81.47,87.82,76.54,99.35,73.483
98.16,55.54,79.22,53.27,68.86,65.071
85.36,94.1,52.69,95.42,73.13,78.9025
53.99,65.76,94.5,83.39,58.21,75.657
70.1,88.85,65.28,80.88,69.61,71.49199999999999
82.33,63.33,56.89,96.32,86.34,78.38799999999999
67.54,91.06,54.4,99.68,60.87,78.905
63.67,78.2,86.02,58.17,59.1,69.64150000000001
78.87,48.46,85.2,87.45,68.82,69.26599999999999
96.68,78.98,85.01,79.0,90.93,75.3615
51.75,51.48,95.79,73.05,81.18,67.216
88.46,64.72,67.45,98.88,97.88,85.2475
86.14,50.22,78.06,92.51,95.23,78.57300000000001
98.2,41.32,80.97,84.84,57.56,65.9265
96.54,52.71,98.97,69.13,52.13,60.0565
88.11,72.18,65.62,83.3,69.95,72.825
76.02,68.89,97.82,76.58,76.1,73.0655
60.21,70.09,57.44,62.47,75.78,72.111
77.26,54.86,88.2,72.52,56.71,68.466
88.27,81.11,81.64,60.61,56.24,66.55950000000001
94.78,82.26,90.84,75.02,52.34,78.295
89.49,61.48,51.43,86.01,92.54,69.861
59.76,92.87,53.91,51.83,97.39,70.48
79.98,78.64,53.48,88.27,55.78,68.4545
66.61,82.78,79.65,51.0,60.66,74.348
50.46,56.64,80.15,75.86,54.49,72.338
60.01,40.04,95.31,78.67,93.88,80.9515
55.66,91.92,73.38,88.06,97.94,74.65950000000001
92.14,89.35,53.4,88.05,63.09,73.4765
62.93,47.39,60.48,70.87,65.18,65.25699999999999
64.23,62.45,50.4,53.32,68.13,60.9915
98.0,79.68,88.84,84.68,75.12,72.9665
68.95,79.13,90.78,75.55,84.12,76.786
50.48,91.62,99.9,66.65,75.22,70.2125
64.19,48.42,70.61,61.74,97.55,66.8715
55.96,65.8,50.96,55.99,54.99,59.6275
55.14,45.83,61.74,64.76,89.93,60.7265
53.87,63.38,79.39,72.92,66.72,64.1985
79.66,40.91,98.1,73.88,68.88,69.68849999999999
59.47,93.9,55.18,79.14,85.44,71.3055
68.06,71.62,56.08,68.12,96.47,76.0355
93.1,90.99,85.09,95.99,85.81,80.8425
71.22,43.59,83.36,74.79,88.79,75.0735
95.78,53.65,62.53,71.19,87.54,68.5305
74.9,55.56,90.66,52.41,66.05,63.7085
69.94,63.2,56.44,79.95,87.85,66.02600000000001
87.52,88.17,96.29,80.14,89.23,84.2065
53.66,63.19,60.05,79.16,76.67,70.8485
54.47,52.28,54.07,94.38,76.84,69.618
82.6,43.9,66.98,88.15,87.99,67.361
74.35,44.77,59.39,93.37,90.85,76.9725
89.52,85.6,76.35,52.97,66.86,71.5945
95.81,66.69,84.34,65.91,90.08,69.8455
69.42,83.57,74.55,65.94,90.71,72.29599999999999
79.82,80.94,83.03,82.85,61.71,76.69149999999999
75.03,48.12,68.25,72.43,85.85,67.212
99.08,48.57,51.4,88.87,59.33,61.1595
91.55,85.32,98.7,69.22,54.65,72.799
95.59,83.28,90.97,61.08,78.73,77.30449999999999
62.72,62.68,53.67,64.55,95.43,57.74550000000001
88.63,44.65,72.46,59.12,51.77,60.702
63.27,40.73,81.75,59.89,91.33,69.18950000000001
60.44,57.29,59.53,60.84,75.32,58.7995
97.21,40.55,78.9,50.8,93.04,58.2715
50.97,53.8,76.68,85.8,92.17,80.764
98.27,65.17,60.41,69.98,93.76,66.7295
57.46,47.28,57.06,51.13,88.44,56.329
90.97,46.26,87.95,68.5,92.15,67.1065
63.8,93.79,66.13,95.27,58.8,78.7765
67.54,75.13,62.2,75.56,65.19,77.63399999999999
60.84,96.07,86.89,99.34,62.12,87.3955
79.28,60.75,86.8,77.0,87.12,70.2295
67.4,80.63,63.82,98.14,57.68,77.9125
82.87,52.28,93.63,60.09,59.11,73.3495
50.78,77.1,84.41,64.5,93.95,66.144
53.22,47.78,67.29,85.0,85.29,69.3645
54.98,40.12,71.37,99.34,93.77,81.795
70.95,95.89,86.34,91.26,56.97,85.8545
90.74,73.29,60.58,77.69,69.95,65.46000000000001
94.41,95.62,73.44,54.26,64.16,61.8455
62.24,60.03,82.68,68.22,50.48,67.858
78.72,59.67,76.97,54.32,64.23,56.16
88.42,64.04,80.42,65.56,68.98,70.1075
64.44,82.36,77.31,62.94,54.61,62.586
70.45,73.95,59.96,69.43,78.32,60.0225
76.2,95.52,70.51,91.86,69.16,80.441
56.74,41.53,76.6,57.52,52.32,68.415
51.3,82.49,89.0,65.3,85.2,72.606
57.64,59.82,82.7,63.06,86.46,69.0695
81.34,50.81,71.33,64.81,91.72,74.801
53.68,70.62,98.72,68.03,74.28,74.693
59.48,70.3,55.39,62.22,98.43,67.61
66.89,48.22,60.34,97.13,95.7,74.1105
53.89,52.11,67.07,71.01,77.57,62.02199999999999
59.58,64.49,61.43,55.71,72.25,60.633500000000005
95.56,64.53,81.27,73.38,50.15,69.1215
50.96,59.05,51.98,59.22,85.55,61.863
82.67,48.91,58.87,60.81,78.25,56.99250000000001
69.22,40.26,64.67,64.25,96.88,61.07
83.63,98.21,84.17,56.24,79.71,72.425
79.43,96.61,93.79,86.06,99.64,78.857
61.17,69.02,89.92,89.6,92.69,72.3
92.36,99.7,59.1,69.71,97.68,83.15100000000001
74.6,80.42,78.27,84.45,66.38,78.34899999999999
91.13,44.13,51.5,69.45,57.47,54.584
70.3,47.06,65.53,58.2,89.84,64.34
99.23,94.97,90.3,69.86,89.31,71.967
88.52,77.8,72.83,77.85,60.57,73.779
98.3,90.59,57.5,52.05,88.24,70.4425
75.72,93.9,71.93,82.72,79.1,77.8355
73.68,66.88,59.9,87.13,55.48,74.6315
87.77,42.91,69.66,93.0,75.09,65.2045
94.01,51.3,74.39,55.14,96.56,70.109
98.21,43.99,67.48,50.0,75.32,55.3025
66.23,51.32,96.85,53.66,89.43,67.34899999999999
89.94,64.63,78.13,96.21,51.45,80.85199999999999
60.53,47.09,92.14,88.28,86.4,73.861
77.28,50.0,88.04,91.77,97.34,84.6985
58.99,66.75,83.06,75.85,74.98,64.4745
67.37,60.41,74.84,76.34,66.89,67.93100000000001
96.57,68.06,50.11,64.93,82.33,59.3575
57.3,65.75,80.67,92.14,95.81,81.5985
81.62,78.67,67.8,91.49,58.84,66.6965
79.65,96.23,55.89,69.61,70.18,65.564
56.04,46.47,72.23,66.46,57.81,60.0565
66.3,45.96,86.78,86.92,74.83,76.04000000000002
78.15,91.17,98.08,51.31,77.02,68.3025
59.36,70.38,68.71,93.0,97.21,81.98949999999999
90.03,85.98,77.14,72.31,70.63,66.4715
98.61,52.93,92.56,72.07,78.35,62.592
60.74,89.73,66.7,83.45,94.26,74.4355
59.35,95.43,57.11,82.29,66.07,83.26249999999999
72.75,78.13,64.09,63.3,83.71,61.739
87.39,46.35,94.96,97.16,87.86,74.2705
64.08,93.72,57.97,99.32,66.53,82.61
50.99,87.55,66.46,76.3,58.22,69.676
77.06,85.05,73.23,78.07,75.15,80.07799999999999
97.83,42.2,92.36,77.72,67.84,67.509
69.56,87.94,96.89,74.29,63.32,73.5885
71.01,48.28,71.29,97.26,98.67,75.1855
98.45,53.34,96.6,62.24,75.11,67.70649999999999
84.73,74.63,58.07,55.4,92.82,69.09449999999998
85.96,55.9,57.84,96.48,59.77,76.772
78.14,79.68,97.46,60.65,96.97,76.9505
98.73,76.48,75.48,87.46,89.72,82.399
84.44,46.49,59.3,60.19,90.43,60.766000000000005
94.75,79.36,74.4,98.01,69.49,74.041
84.97,95.44,89.16,89.56,74.28,83.09349999999999
86.76,49.67,91.35,95.94,79.67,81.592
64.52,75.82,93.2,97.55,89.49,76.9945
65.17,60.51,78.48,54.22,92.45,65.812
89.15,67.58,93.35,71.67,53.9,69.188
64.84,57.22,75.5,82.41,95.2,79.3135
78.14,61.25,80.35,90.12,96.87,82.7305
62.47,41.73,87.94,62.07,79.64,65.15299999999999
90.85,98.89,71.27,95.73,59.34,72.427
55.53,77.49,53.68,61.05,90.92,71.2475
91.47,70.04,67.51,93.31,77.43,80.891
80.14,63.02,81.2,75.64,90.86,70.79599999999999
59.35,72.36,59.62,75.77,90.74,72.502
77.1,62.81,57.42,68.7,54.34,69.0185
64.12,61.59,64.65,55.18,80.35,60.9075
66.17,67.84,51.61,67.35,74.16,60.766
67.58,56.56,87.17,71.34,97.31,66.55000000000001
53.17,50.8,62.94,73.95,64.83,65.12650000000001
99.3,73.4,56.21,86.95,60.3,79.709
51.58,90.57,84.96,67.6,94.85,76.0295
83.12,49.17,92.15,70.33,57.44,64.151
68.56,41.96,50.99,95.3,84.33,71.968
82.3,54.81,61.68,87.63,65.0,69.88
67.81,98.78,97.26,51.14,78.39,73.852
83.69,89.73,69.26,90.6,80.81,75.332
86.46,75.75,96.93,99.5,70.87,82.4665
84.53,95.75,63.71,96.99,98.75,79.90849999999999
55.7,66.72,60.9,91.8,56.59,66.222
82.84,99.0,60.71,81.46,69.57,76.419
64.0,57.78,54.26,63.91,71.52,71.546
51.44,54.42,94.82,82.72,81.55,71.752
70.74,78.28,98.99,84.78,70.36,87.56299999999999
71.68,62.69,97.73,64.08,54.85,62.61449999999999
73.36,77.58,92.6,62.77,97.37,78.1325
85.24,58.3,92.34,69.85,70.8,62.806
65.44,77.08,83.05,82.06,67.13,70.478
65.76,56.54,91.31,64.65,72.34,71.23400000000001
53.03,43.06,60.42,77.78,60.83,64.9515
84.34,94.73,69.4,94.96,55.01,80.701
78.39,92.99,82.04,64.76,57.43,73.6405
67.47,98.25,93.74,98.3,58.33,85.7665
85.26,82.99,83.02,73.67,59.88,79.71549999999999
76.87,80.96,91.95,55.05,71.0,69.42399999999999
73.46,73.54,73.7,52.75,81.19,61.91
75.57,47.56,85.87,66.93,81.44,63.135
81.82,51.35,99.0,62.94,50.0,67.05449999999999
83.0,57.37,57.67,92.19,96.05,77.8805
64.45,93.41,96.35,86.88,91.14,77.3645
57.04,50.38,76.12,94.23,98.2,70.334
57.83,95.37,82.16,79.46,68.0,73.215
81.97,71.37,93.89,71.77,83.24,73.544
93.64,82.93,70.48,63.53,58.4,64.338
70.47,46.61,70.93,79.16,90.85,64.87899999999999
58.48,56.14,76.36,80.9,58.07,71.8645
87.83,97.51,50.96,69.65,66.3,73.0155
91.62,55.97,74.83,96.83,74.54,74.69550000000001
94.03,57.79,64.55,82.0,79.73,69.6965
80.34,51.86,96.4,91.87,77.98,71.10050000000001
93.04,47.74,54.39,81.02,55.1,73.318
50.77,54.0,72.97,65.83,71.08,62.205
55.36,78.54,97.37,86.83,96.15,87.27799999999999
54.63,67.32,95.05,61.51,93.62,79.3355
85.63,73.23,85.07,79.83,79.54,82.21549999999999
53.48,47.34,79.47,70.12,78.62,58.5395
74.82,88.13,64.04,57.49,55.58,64.13300000000001
73.64,87.05,68.35,70.66,60.01,64.78649999999999
65.54,41.3,54.51,65.51,62.63,64.965
93.52,63.01,89.31,55.61,74.41,70.86699999999999
58.52,44.13,66.19,91.19,86.57,81.302
67.62,87.53,83.39,74.93,73.04,75.541
88.71,84.24,67.88,67.32,56.3,70.07149999999999
51.52,94.12,73.22,75.25,71.97,75.178
83.65,54.18,77.75,87.73,58.13,72.244
90.82,67.38,90.09,50.91,87.56,69.5445
96.61,51.07,60.56,77.34,58.33,67.7345
93.81,62.27,69.94,73.96,74.13,76.3525
65.97,71.33,56.5,94.65,84.67,78.704
79.32,43.2,53.79,77.8,61.41,68.482
53.86,82.89,80.23,56.87,53.8,70.9865
62.89,72.6,59.45,69.43,78.16,71.06
54.71,89.74,52.99,81.05,52.71,68.37299999999999
65.76,56.31,94.85,52.3,79.39,65.90549999999999
93.76,94.2,76.72,94.23,87.67,83.5515
67.36,99.92,56.73,53.39,66.47,60.384
78.09,95.16,52.67,51.53,74.42,61.588
71.67,86.67,55.99,50.1,96.44,71.133
72.95,88.74,73.57,84.19,73.56,69.142
98.48,74.42,83.42,72.8,99.83,80.589
64.81,51.41,82.06,55.14,57.85,69.63
81.37,80.62,57.22,92.81,85.45,78.349
71.0,82.77,81.67,60.14,82.63,73.696
53.06,99.12,70.24,66.32,93.62,77.4845
74.47,72.48,73.24,58.89,54.62,64.697
90.67,56.28,90.07,96.34,64.01,70.2955
54.94,81.02,66.62,87.9,56.61,81.192
53.48,98.76,57.35,86.2,96.65,76.8965
57.68,50.63,93.67,52.2,71.33,64.723
88.22,59.56,60.61,76.14,95.5,69.08249999999998
86.2,72.51,64.7,78.77,64.72,62.95949999999999
78.25,50.21,85.33,69.13,56.32,75.872
73.41,41.33,84.18,66.09,64.83,71.854
94.42,60.22,90.02,92.6,79.86,74.6795
88.33,91.92,59.19,51.15,92.26,73.1275
90.6,42.61,67.61,81.27,69.27,71.1035
90.66,65.74,56.29,69.71,95.74,68.0765
82.14,85.73,77.05,83.3,62.21,76.73299999999999
72.9,97.19,64.63,59.9,84.68,62.536
93.23,99.13,84.45,61.93,86.79,75.875
96.3,65.32,50.02,79.34,63.7,58.943
51.19,97.02,52.98,99.0,51.35,79.5175
52.58,42.13,71.63,98.73,68.26,75.25399999999999
97.94,84.76,97.91,62.45,52.26,76.244
63.86,78.56,94.54,55.12,95.04,76.11500000000001
93.67,54.97,99.7,79.52,97.68,71.732
69.44,70.44,70.84,71.0,86.77,75.8215
55.96,47.77,52.33,88.08,86.33,70.23949999999999
54.02,92.3,65.3,76.4,62.04,75.844
57.83,61.47,83.79,75.53,53.7,63.408
62.49,77.56,56.76,82.32,90.11,79.5375
74.43,49.53,65.0,56.32,77.96,66.8365
85.07,52.37,52.81,83.86,84.08,72.393
99.32,99.52,73.75,74.43,88.98,82.505
72.08,85.19,60.45,91.01,70.47,73.956
75.91,97.72,54.56,56.94,57.23,71.19949999999999
76.09,57.75,70.56,65.04,89.75,68.67099999999999
76.97,49.87,67.56,97.51,72.69,67.6965
75.89,70.18,76.88,77.65,91.35,74.56649999999999
50.44,69.68,87.45,96.47,71.88,83.366
50.09,50.5,55.63,84.45,60.85,62.2195
54.88,83.99,89.56,96.32,58.55,72.42599999999999
55.08,61.71,51.31,65.89,87.2,59.9675
85.24,51.18,72.16,54.53,78.74,62.4665
60.25,59.92,79.37,90.11,70.23,70.592
94.74,73.82,97.85,90.22,74.61,74.1075
96.43,83.59,78.7,80.94,77.48,75.2335
98.79,68.91,57.94,78.98,61.97,76.886
96.95,71.54,75.88,95.75,68.91,81.1365
63.59,48.34,69.79,58.82,64.62,57.8525
75.49,94.88,73.97,80.83,69.42,84.1885
58.77,95.72,59.85,52.49,75.03,69.3255
90.31,81.01,75.04,57.04,58.67,63.609
94.42,41.06,57.5,71.86,69.68,63.67
92.56,72.22,87.2,91.06,69.27,76.763
71.67,77.75,79.7,86.66,64.3,73.3055
87.93,99.68,53.93,98.7,99.92,79.3985
54.88,99.76,94.48,52.24,53.68,69.3835
52.01,91.46,80.82,69.07,82.15,75.41300000000001
87.66,43.83,65.81,57.94,58.72,63.535
71.27,97.2,52.28,51.85,91.98,64.4875
99.78,76.76,81.61,63.22,95.71,76.77499999999999
54.86,88.05,68.67,62.22,70.07,70.6785
92.78,64.43,95.38,71.0,91.17,82.366
74.0,59.18,51.74,57.0,62.5,56.533
91.36,67.79,51.96,74.43,57.0,73.154
90.86,48.81,97.46,96.0,65.79,81.9395
95.8,61.42,98.24,87.41,67.08,76.615
64.89,91.46,51.39,92.11,69.87,77.035
97.49,42.28,85.8,90.24,68.65,64.549
57.58,49.05,61.07,69.48,70.56,70.9555
54.1,47.51,85.07,85.45,85.5,67.307
71.58,64.18,93.44,87.71,62.28,79.5665
91.42,99.82,55.04,60.28,50.93,65.70100000000001
73.67,50.4,61.94,93.01,74.48,72.7795
91.46,48.73,51.2,72.89,72.41,65.755
86.48,94.9,52.19,50.82,53.0,70.27699999999999
60.47,92.92,51.48,82.17,56.69,70.17750000000001
97.44,41.93,90.03,83.84,75.5,80.11600000000001
53.04,85.1,64.91,77.59,61.74,72.81
94.91,79.33,74.66,60.62,93.88,63.935
65.22,86.06,89.39,74.11,58.66,67.6315
75.01,69.67,74.75,70.01,51.01,71.2995
71.12,99.48,71.46,98.73,72.38,73.743
58.59,42.63,50.58,91.23,99.31,72.0765
67.91,54.06,78.4,88.09,81.69,71.29249999999999
59.65,63.79,56.24,59.05,67.7,59.797
60.19,66.99,88.23,66.55,50.84,71.937
59.35,95.28,62.89,68.99,74.25,72.425
74.45,73.6,83.71,74.63,60.32,65.905
89.9,42.71,82.31,51.51,82.39,60.83
78.45,64.47,80.83,79.65,79.15,73.55749999999999
94.66,64.99,63.35,67.89,63.26,57.5065
81.83,97.93,63.35,78.08,53.44,71.86
84.47,75.95,93.15,50.45,87.75,73.26750000000001
83.38,78.14,50.64,66.07,79.27,62.7775
72.47,82.8,59.08,88.43,92.11,75.167
84.47,86.2,80.51,75.05,62.99,70.2855
53.49,78.1,90.85,89.44,82.64,78.541
92.99,54.23,67.92,84.95,55.93,69.2305
88.89,92.44,82.67,92.75,64.59,80.4255
62.26,83.93,77.86,50.37,82.83,67.88250000000001
88.4,84.51,53.23,63.07,91.28,73.92249999999999
50.63,99.79,81.09,77.44,66.05,70.8265
60.86,88.15,90.7,97.05,89.94,87.72900000000001
53.26,89.75,99.62,83.99,83.89,81.0215
89.01,97.08,51.48,72.83,67.43,65.641
87.79,49.07,83.0,56.51,93.82,69.598
90.68,69.86,70.73,74.66,75.46,71.74499999999999
50.22,74.83,50.49,72.05,82.41,69.62899999999999
75.06,59.76,80.72,88.92,74.78,79.571
85.24,90.36,56.12,70.67,72.64,74.242
57.77,85.75,68.93,65.94,92.4,79.059
82.49,83.25,63.07,54.49,64.74,66.55900000000001
54.21,99.83,68.06,52.33,51.83,70.803
59.07,55.56,74.63,71.96,93.99,64.24799999999999
73.79,84.13,67.96,67.34,91.25,72.703
82.68,73.08,77.64,77.77,68.33,70.562
57.29,58.78,61.93,85.6,59.27,64.376
59.26,49.64,81.77,52.0,83.78,62.72950000000001
60.22,93.75,92.69,74.81,53.94,77.8305
61.94,75.73,61.2,93.1,71.19,73.6335
61.33,89.5,75.39,72.76,54.29,73.778
69.76,72.72,82.43,76.06,79.9,73.4605
82.69,53.2,78.23,74.34,51.36,64.63000000000001
71.9,60.25,68.28,69.49,81.46,67.5175
88.8,62.89,82.11,55.51,83.66,63.239
85.96,98.38,51.41,56.32,74.36,65.313
56.33,40.34,68.5,58.95,58.75,59.64349999999999
52.44,99.14,76.63,89.63,55.07,72.53649999999999
93.9,98.83,51.03,63.77,65.66,61.111
53.99,99.77,75.38,97.41,73.26,84.6315
57.42,68.6,82.71,90.51,82.11,78.7455
51.11,97.83,87.96,84.23,50.06,77.596
81.42,63.74,55.67,86.02,85.55,67.48
79.12,41.58,99.53,52.38,85.64,64.7645
99.35,53.46,80.31,78.42,72.23,76.8845
94.35,96.72,68.16,97.05,67.17,88.344
70.54,40.83,62.45,51.96,92.12,64.5145
68.58,72.76,78.64,64.55,89.23,62.29050000000001
64.84,44.54,94.09,52.58,99.16,71.3445
57.62,57.18,76.03,78.49,68.6,68.73849999999999
56.9,45.29,83.07,55.81,95.34,63.821
56.61,91.57,67.88,73.96,54.37,67.065
55.71,75.46,69.41,86.0,70.57,77.48
62.03,94.13,64.31,58.22,73.27,72.06899999999999
65.33,81.3,85.28,87.77,72.04,82.0895
98.08,98.26,67.96,53.01,81.25,72.30600000000001
78.92,70.59,59.54,57.48,58.51,59.312
99.38,78.32,68.47,64.01,93.32,68.1885
68.62,74.58,92.69,89.8,77.59,81.0795
72.88,69.06,86.91,92.51,95.21,83.83449999999999
66.23,90.76,66.73,61.02,50.13,68.905
59.14,78.67,95.34,54.79,81.5,68.201
57.16,88.08,53.74,92.4,70.62,81.44500000000001
97.25,87.18,52.49,82.47,75.25,71.494
99.34,51.46,56.37,57.89,87.19,62.693
52.25,79.01,55.82,77.89,61.36,70.6575
57.52,51.98,54.39,93.62,60.24,75.00550000000001
71.18,75.0,83.07,53.48,85.15,62.81449999999999
59.32,80.65,80.04,54.19,76.07,71.6275
68.19,99.83,82.38,63.68,61.68,75.336
56.45,41.83,84.42,82.61,74.2,68.0405
72.83,45.47,87.84,58.9,72.98,58.6045
63.58,44.62,60.36,90.82,84.57,75.81750000000001
67.6,63.9,81.12,87.52,50.13,69.6245
54.72,89.3,79.0,78.05,79.34,72.2065
71.41,90.64,97.18,55.8,80.28,80.5135
99.16,84.22,61.62,99.41,87.28,83.357
66.44,93.81,52.94,74.5,94.46,69.431
93.82,59.37,82.67,72.6,72.01,71.557
92.16,45.29,87.01,99.78,67.13,76.3295
97.6,43.49,64.16,93.19,55.12,74.00399999999999
89.51,91.13,78.54,72.82,66.84,79.8905
82.98,83.83,52.98,70.94,53.42,71.3005
92.83,81.92,98.0,54.8,90.14,66.8945
53.78,60.38,55.5,96.33,90.35,76.68849999999999
73.14,62.79,53.38,92.19,70.86,65.726
99.46,97.49,52.21,65.5,62.98,63.993
88.48,43.83,71.36,87.67,55.9,73.812
98.1,86.42,54.86,88.14,92.56,71.4675
88.98,58.58,87.23,61.4,93.87,72.671
93.74,42.34,94.94,80.68,63.31,78.337
85.33,84.55,63.01,62.75,81.09,65.943
88.03,59.85,81.44,89.49,62.93,67.29599999999999
76.16,83.33,52.12,57.69,61.26,66.383
96.21,82.46,69.33,83.45,51.06,78.7645
91.25,72.09,64.65,66.3,78.86,72.30449999999999
92.19,86.64,61.43,51.81,57.5,64.191
83.65,74.86,82.24,56.19,50.62,62.014
65.23,57.2,56.51,82.74,55.24,59.5425
51.78,84.05,93.04,62.0,65.69,73.70750000000001
96.78,75.35,83.24,81.55,83.46,71.8295
79.31,40.76,85.54,70.74,60.13,73.07249999999999
64.91,94.1,96.77,84.64,94.38,83.46050000000001
57.46,72.74,97.12,74.65,64.42,77.146
91.48,92.12,77.58,65.43,66.56,77.215
91.83,92.96,74.77,57.29,60.9,72.559
90.73,66.7,66.77,67.05,62.69,67.2545
82.25,70.46,85.78,81.74,53.71,80.7765
68.3,64.95,76.91,87.02,64.74,82.229
65.2,66.97,96.64,58.02,92.98,77.768
50.43,93.71,61.93,83.21,84.42,80.2635
91.68,87.29,65.51,58.96,93.76,73.354
54.37,47.59,65.8,61.09,55.24,62.07950000000001
81.54,76.62,90.3,76.57,72.78,71.5445
75.2,99.75,54.95,64.46,61.46,65.9065
76.33,75.73,72.78,83.08,86.06,67.3515
96.34,87.15,71.38,97.79,98.51,76.1075
51.58,86.14,53.66,57.44,90.77,67.4515
88.67,61.02,70.54,78.53,51.76,64.2065
52.6,62.31,75.67,96.16,65.83,82.63799999999999
51.91,83.44,53.26,58.83,51.43,68.452
71.49,70.0,75.49,68.34,52.01,61.6215
53.15,74.23,97.96,56.18,53.98,63.613
89.46,82.77,98.95,82.1,63.82,85.24
76.48,86.65,76.58,83.46,65.21,80.4835
51.45,56.29,75.75,83.21,70.02,76.0535
52.03,48.81,64.28,77.11,70.25,73.824
80.63,57.51,99.86,87.31,88.57,83.9505
90.31,70.45,63.71,51.79,57.07,59.3355
71.89,60.53,72.65,97.88,57.89,71.925
77.73,74.1,50.15,61.1,81.33,66.59049999999999
89.99,43.21,67.46,56.08,78.59,60.1235
80.53,70.59,53.57,97.06,57.7,78.657
61.24,62.08,87.19,91.52,92.61,78.5925
80.65,72.08,78.05,88.24,66.45,79.1015
81.41,65.35,78.61,55.24,68.35,61.46849999999999
86.71,57.05,64.33,90.38,71.02,71.283
81.04,94.25,90.74,80.45,66.14,76.97749999999999
98.46,51.09,50.16,86.6,77.87,73.237
59.86,80.88,66.68,98.9,69.43,74.537
97.55,95.48,82.97,59.72,62.97,75.6505
76.92,72.32,95.4,75.22,95.22,79.4285
83.6,92.58,61.73,87.67,65.42,81.247
54.97,47.49,77.06,71.68,84.92,71.851
69.03,69.63,76.9,52.73,67.36,66.132
88.47,67.42,93.71,55.57,71.76,62.5715
85.35,40.49,52.53,80.1,61.8,57.2405
52.01,66.6,71.22,64.25,87.62,75.43
77.33,62.14,59.12,56.89,86.86,65.4445
54.41,80.19,51.08,66.99,51.11,58.226
99.79,96.3,57.35,60.05,53.01,68.526
94.86,45.15,98.82,51.2,96.12,63.345
51.05,59.65,60.74,57.59,94.44,59.3395
92.93,66.64,96.75,94.15,75.3,79.706
95.97,67.31,60.26,50.6,74.67,57.6
67.68,86.49,96.56,88.69,90.62,74.589
85.98,66.6,82.73,87.67,56.92,76.2175
72.11,41.63,55.66,78.21,82.68,67.762
82.76,82.61,79.1,60.42,73.8,63.33000000000001
67.02,93.09,65.93,93.9,87.17,80.10249999999999
66.13,70.83,69.16,73.75,51.51,66.12950000000001
71.22,74.87,72.01,58.66,79.64,61.094
57.28,49.78,71.14,71.45,77.84,63.05200000000001
91.56,53.24,83.21,59.75,92.04,61.9265
67.43,54.11,88.42,68.8,83.84,65.00099999999999
70.01,65.84,66.46,74.83,94.01,77.86000000000001
94.7,95.69,96.22,68.0,94.36,79.53999999999999
74.83,71.31,96.92,82.85,70.41,70.02799999999999
77.21,51.53,52.03,96.8,56.87,64.481
97.82,55.97,50.75,67.41,81.51,62.272000000000006
94.34,63.04,71.25,67.79,93.69,72.2395
58.47,77.4,79.53,86.92,53.75,75.108
73.66,66.4,63.9,76.53,77.9,65.2915
98.56,63.55,62.97,71.44,55.75,65.2725
68.62,73.88,83.92,90.69,51.35,75.232
68.58,54.51,80.09,94.55,83.98,68.718
59.75,44.73,58.36,79.53,84.09,67.7515
55.72,41.46,94.23,59.26,80.03,63.382
87.02,55.08,84.0,73.31,92.96,64.756
88.5,45.5,68.13,75.22,54.04,69.292
98.45,60.18,84.18,71.61,55.26,72.018
88.67,86.38,55.63,63.12,93.23,70.213
62.17,82.98,73.41,73.62,75.16,68.41550000000001
52.01,76.66,58.45,72.33,63.65,69.38550000000001
99.27,91.15,52.07,60.47,86.91,66.2225
67.02,56.92,66.92,95.17,94.72,82.029
65.6,93.1,57.54,94.27,84.48,81.97749999999999
95.3,63.95,81.68,87.98,89.6,72.46600000000001
79.25,64.05,83.7,70.05,64.12,69.297
60.74,64.32,57.43,68.52,64.44,69.46000000000001
94.45,45.89,51.23,85.82,93.21,66.17
99.67,98.53,89.64,80.41,80.74,86.49
54.33,48.31,50.1,80.03,61.71,69.8215
93.11,60.45,67.2,56.21,76.21,59.119
69.53,59.16,74.73,80.91,84.29,77.0155
76.2,44.48,90.93,95.09,60.93,73.829
95.74,49.14,91.93,54.29,82.75,66.7625
98.67,42.69,86.25,66.96,52.11,67.05749999999999
63.11,57.54,62.36,75.45,65.18,68.0055
60.64,92.0,86.01,84.3,83.7,81.109
54.03,60.37,62.33,54.48,57.47,68.11349999999999
78.09,47.42,60.73,93.64,61.11,66.233
50.68,78.74,77.36,52.03,93.95,62.554
70.59,99.8,83.94,92.88,83.72,79.447
53.67,53.94,52.65,51.38,74.95,62.580000000000005
70.26,56.77,53.0,57.68,60.54,68.786
52.0,98.31,89.21,90.02,67.07,77.136
91.76,50.73,92.97,93.01,78.72,84.50250000000001
60.49,70.67,80.22,99.11,57.77,75.541
66.42,54.38,71.44,55.79,74.09,70.604
93.5,95.94,92.27,76.32,70.45,81.8725
87.31,98.89,86.44,53.86,73.83,62.598
60.95,88.88,78.98,57.82,55.28,60.84049999999999
53.59,58.89,65.99,58.72,55.32,58.4175
85.78,64.21,59.9,53.17,98.21,59.961
69.54,54.54,70.93,94.65,98.97,79.85749999999999
88.3,93.45,64.34,56.32,71.31,62.083
72.26,94.87,66.96,81.47,89.45,85.963
67.3,65.13,75.78,81.29,82.79,73.41
72.56,79.39,58.45,59.93,55.85,69.19749999999999
87.43,49.93,90.31,99.92,64.83,70.8525
95.11,66.1,57.28,67.37,65.68,71.831
52.49,77.89,74.05,95.25,79.79,82.3875
76.21,63.12,87.3,97.41,79.0,85.541
51.64,61.46,74.25,97.45,96.18,85.92699999999999
73.42,40.06,68.05,87.64,89.5,67.6035
94.26,88.26,73.74,62.69,92.84,67.136
68.08,93.36,92.43,56.03,94.56,80.0935
96.62,98.17,99.52,78.49,90.06,85.779
81.53,83.16,81.56,68.0,66.64,70.7795
96.71,72.93,89.67,91.55,60.75,73.56500000000001
87.86,56.16,50.72,87.25,78.59,70.591
55.17,99.96,94.02,63.82,84.48,74.611
61.56,75.39,97.7,50.85,69.33,64.1965
69.71,80.87,78.76,61.87,92.42,72.83
58.51,80.94,87.69,78.36,98.03,72.808
74.75,90.72,75.64,53.95,78.47,68.07600000000001
73.57,40.58,64.31,82.91,72.83,76.67949999999999
97.81,53.21,92.61,83.58,92.14,83.4385
71.69,79.93,79.84,58.47,51.21,75.3625
89.28,93.71,78.97,79.82,56.45,81.678
97.1,81.12,82.96,80.35,92.28,76.7075
93.85,64.81,92.8,73.9,86.6,81.22149999999999
60.43,61.69,86.6,97.66,70.81,86.035
74.8,84.28,60.56,55.41,94.44,76.768
67.39,84.47,73.34,70.33,67.57,71.89999999999999
69.99,76.42,99.01,94.15,81.69,80.5085
68.04,57.49,77.73,69.32,81.72,62.62599999999999
91.32,95.51,96.91,71.23,59.22,68.9215
72.61,73.11,90.67,83.41,64.24,81.5715
76.18,87.43,83.3,83.28,95.8,81.366
99.12,52.86,67.47,51.15,59.17,64.6665
53.0,60.64,65.22,72.78,58.68,68.471
74.4,92.47,82.17,66.68,73.98,74.10050000000001
88.7,43.01,71.63,81.38,54.61,59.49849999999999
57.56,70.74,89.94,77.79,94.73,72.3195
80.58,68.9,88.02,82.54,55.01,72.92599999999999
61.97,85.07,65.61,82.69,80.83,78.11699999999999
93.37,56.91,85.14,62.74,66.99,62.711
66.35,53.14,74.73,62.32,90.21,68.37
66.45,95.57,66.16,68.51,79.49,68.6715
79.91,74.3,70.65,62.1,69.42,69.752
59.18,46.28,94.77,84.14,99.19,72.1135
64.24,51.58,67.98,80.14,53.31,69.0695
70.83,99.93,64.37,60.82,78.89,67.015
67.68,51.74,67.59,94.21,99.48,80.2905
76.24,76.63,60.73,73.03,84.55,71.24549999999999
79.98,65.21,77.23,56.35,86.99,67.02
78.33,93.14,57.37,60.65,51.6,70.54150000000001
82.71,85.31,90.87,76.99,51.07,68.366
65.39,75.82,61.28,66.92,51.81,60.8095
56.32,40.64,79.9,92.56,99.59,80.578
88.04,92.79,56.25,74.74,98.98,75.676
92.54,66.68,98.92,95.76,66.73,77.236
62.85,95.89,72.73,55.09,64.55,70.565
70.35,69.73,91.11,83.43,57.3,68.155
74.93,81.65,88.43,94.29,66.46,75.2025
76.67,44.16,85.68,64.65,68.51,64.0045
82.97,84.71,91.37,56.78,87.41,79.532
52.08,60.28,55.02,72.83,93.31,69.265
86.07,61.08,83.92,98.07,87.34,82.135
53.1,47.12,63.29,81.67,82.32,73.562
73.41,48.81,89.29,82.2,88.3,71.63250000000001
91.38,51.15,97.84,83.58,86.92,78.4095
72.56,59.69,95.07,51.99,73.79,70.315
57.45,93.52,55.75,72.28,66.79,68.2735
99.25,62.1,68.48,53.88,64.14,59.4275
94.46,83.46,68.22,65.79,83.97,76.99849999999999
88.57,44.96,56.11,91.08,97.97,81.689
70.58,75.47,54.91,82.81,79.05,66.6375
59.19,68.91,69.24,99.78,95.63,74.947
97.07,98.68,99.6,58.61,50.71,69.726
76.62,90.77,78.45,69.85,89.72,75.875
92.62,67.29,81.09,90.48,92.68,79.444
67.1,86.51,73.55,60.78,81.55,73.2055
66.76,51.58,83.12,57.69,96.7,72.2495
99.28,73.74,97.83,71.38,79.5,72.53450000000001
76.09,44.48,79.43,69.19,62.03,73.01650000000001
57.03,60.89,53.25,99.01,60.79,64.4205
60.98,53.55,74.64,72.81,77.79,63.44799999999999
74.1,83.13,99.64,93.05,95.32,83.68249999999999
52.12,69.41,69.37,94.4,53.62,66.31899999999999
73.13,85.06,79.69,57.89,80.22,67.149
70.95,70.92,55.33,85.77,88.49,77.27
88.97,45.19,57.06,63.88,55.77,58.661
67.75,84.12,93.73,54.74,55.84,73.6235
99.13,89.99,65.02,93.74,68.31,75.3445
59.04,94.21,65.27,64.62,63.69,63.92700000000001
79.55,74.32,69.36,67.27,59.92,68.86
54.48,85.22,98.32,66.2,59.93,79.9665
86.69,85.12,54.22,60.01,56.53,64.9245
99.74,49.34,90.94,71.73,80.54,71.04
90.96,49.85,67.08,71.41,84.41,73.20349999999999
77.79,44.25,92.47,70.44,85.15,75.17499999999998
74.24,59.19,99.59,95.81,76.62,78.0195
91.75,68.41,67.43,66.99,97.65,74.65299999999999
96.8,99.87,56.47,51.52,94.03,70.3275
99.46,65.86,57.22,58.92,97.88,71.346
69.83,83.57,87.94,86.07,69.44,78.819
99.55,81.6,57.25,79.54,93.89,70.4685
57.8,52.27,63.02,97.59,88.14,75.817
62.68,43.51,60.22,84.72,67.0,66.953
54.45,72.76,67.78,59.71,55.33,66.202
63.59,82.02,53.72,56.03,84.13,69.4405
88.4,99.9,92.84,76.04,56.82,82.3575
92.65,61.52,93.01,83.26,64.69,74.474
88.94,93.78,70.65,58.28,75.02,68.5855
81.55,62.92,80.6,80.08,83.99,76.3835
75.7,81.36,82.1,93.25,96.31,84.715
85.44,75.9,87.46,86.38,79.66,85.154
69.54,43.18,76.03,83.21,83.57,73.6365
92.07,44.7,75.52,89.47,65.5,69.21149999999999
83.86,41.25,81.57,55.2,84.36,63.6765
84.89,62.25,85.15,60.19,71.89,67.7135
76.8,84.75,67.33,51.9,92.85,70.9995
94.26,50.37,66.52,57.25,69.62,64.1405
62.6,76.35,63.49,95.66,73.41,70.905
69.06,57.33,77.44,61.11,71.63,60.3815
88.88,87.82,68.01,83.1,90.56,75.498
74.64,87.9,77.02,84.58,97.68,77.4725
94.46,86.52,70.3,82.27,66.36,69.0275
67.32,71.49,91.84,77.7,73.75,78.57950000000001
68.47,57.07,53.66,74.31,85.3,63.9175
94.44,88.57,78.61,71.0,94.77,83.799
73.22,51.17,78.78,95.84,74.69,72.6735
75.81,57.39,69.19,50.48,55.44,51.81499999999999
66.64,51.04,71.05,52.67,68.43,62.8325
63.83,80.45,90.01,74.63,77.52,69.7425
82.8,81.17,64.03,66.53,70.88,73.47200000000001
55.99,79.15,93.57,70.41,59.33,63.409
93.96,64.94,94.82,99.89,51.85,76.51599999999999
88.96,46.01,82.53,88.76,84.37,80.17099999999999
59.54,94.67,88.64,93.87,99.64,86.029
84.7,70.46,80.65,68.43,95.96,65.399
80.13,64.42,76.26,61.98,84.16,64.4795
59.23,75.33,98.33,88.4,92.08,82.917
63.66,51.57,64.13,90.38,62.79,65.03549999999998
70.45,47.95,57.71,77.49,81.12,67.6255
84.96,64.33,64.37,94.8,53.03,77.753
81.94,53.63,80.73,98.37,85.36,82.271
76.61,54.66,59.26,73.55,98.49,63.412
88.42,93.55,95.44,61.13,93.04,68.53899999999999
87.9,71.85,70.55,75.86,76.72,67.38
80.89,69.01,92.5,99.48,89.44,83.71700000000001
89.35,81.37,62.46,64.65,97.19,68.3935
66.71,97.09,65.66,80.88,60.8,80.81649999999999
94.06,46.73,52.96,84.7,89.66,72.3745
80.75,90.01,62.89,60.7,63.49,61.9715
91.12,75.04,74.52,79.42,93.85,77.9925
77.31,48.77,97.31,65.73,54.92,60.68300000000001
60.92,57.83,69.45,92.71,58.91,71.291
77.12,68.94,81.99,85.74,86.03,74.41199999999999
68.56,81.47,71.39,91.31,58.74,71.70100000000001
84.87,54.56,52.34,59.98,57.9,59.424
73.79,72.09,75.18,51.73,77.77,66.2965
91.81,81.08,53.3,92.53,91.75,70.651
83.9,66.92,94.18,69.34,63.42,78.57650000000001
84.23,91.78,87.65,58.99,92.06,71.08500000000001
60.86,92.17,68.93,54.59,90.4,64.557
99.21,68.24,82.01,75.83,78.96,65.39
92.08,98.38,55.6,57.51,82.33,72.1055
89.45,44.54,85.13,78.33,52.02,73.8115
66.51,40.2,91.14,86.37,68.36,74.333
76.78,62.84,91.09,76.75,63.17,81.2515
56.86,76.07,64.21,95.18,57.5,73.2485
76.92,77.75,63.19,57.78,69.48,66.6305
57.29,68.59,76.07,74.7,67.75,70.329
77.65,47.49,98.39,58.16,86.44,73.24149999999999
82.44,50.23,96.03,93.8,79.9,78.43900000000001
69.51,91.13,67.98,96.61,95.66,86.31299999999999
74.93,92.07,88.99,70.0,57.27,68.481
93.78,80.43,96.07,65.29,52.99,68.9235
55.43,79.85,63.05,63.97,76.73,67.094
89.59,75.86,91.51,92.99,50.05,77.5325
58.54,52.18,63.39,84.12,89.39,66.43549999999999
51.84,65.7,67.16,94.03,75.3,75.24050000000001
59.28,81.75,59.94,55.88,74.4,64.97
88.25,72.24,75.35,73.8,68.12,75.348
70.26,41.11,92.17,83.81,68.75,75.2725
93.63,97.21,76.4,94.85,71.56,87.565
76.24,90.69,56.17,69.1,50.8,63.2115
51.11,55.63,62.59,65.65,54.18,68.15350000000001
85.84,76.99,78.14,95.65,75.25,85.7245
55.51,95.39,79.16,52.38,57.51,65.9875
89.47,45.76,78.85,73.98,88.94,66.687
58.41,70.18,53.85,72.93,63.72,64.0155
67.27,67.37,87.68,57.3,54.89,64.07150000000001
88.06,64.61,95.47,69.75,61.76,73.9405
97.71,90.14,75.53,86.13,67.85,81.69449999999999
68.57,62.84,85.94,68.34,51.77,73.1435
91.47,43.82,95.7,65.48,57.08,62.08
59.54,43.95,82.13,89.09,66.19,74.0505
90.36,42.56,83.72,99.44,65.52,73.2185
82.87,64.55,86.07,88.97,90.02,73.426
59.64,83.1,63.03,92.32,92.16,80.40899999999999
65.13,52.22,79.13,96.98,59.67,69.83349999999999
56.59,78.79,92.11,90.09,56.2,79.042
69.15,81.23,64.81,99.02,81.71,80.113
60.18,55.31,94.86,87.36,90.23,83.839
82.2,76.03,81.02,83.08,98.19,73.863
99.73,81.09,71.16,84.67,50.34,78.865
50.6,68.0,81.16,95.0,70.68,83.69200000000001
77.05,60.2,70.09,84.15,86.7,80.7985
78.68,77.15,91.9,88.06,91.43,82.861
95.71,98.67,74.12,60.8,53.11,73.75200000000001
75.3,65.61,95.06,95.63,84.03,79.27999999999999
77.19,63.5,75.49,72.36,64.45,70.484
73.58,67.86,83.02,58.05,53.73,67.7175
63.45,44.57,99.89,89.99,74.46,76.48949999999999
52.8,73.19,57.35,67.82,57.91,70.118
70.43,59.72,86.84,59.21,86.85,69.9145
52.63,47.29,56.94,62.81,87.06,56.6435
77.52,67.98,91.94,51.75,92.1,70.168
65.36,40.2,79.82,54.53,68.88,59.685
76.68,64.11,96.91,79.63,50.67,72.0265
56.71,46.34,93.3,93.31,62.99,67.30799999999999
96.63,41.46,53.74,72.43,73.39,64.0455
94.73,89.47,56.87,81.3,84.7,77.8785
59.5,94.97,80.06,90.49,69.1,81.0665
67.17,52.46,75.92,67.84,76.8,61.4215
80.67,72.36,58.43,82.72,76.21,69.108
54.78,56.68,56.47,67.52,58.25,60.93599999999999
67.73,69.61,78.2,82.14,81.15,73.421
62.56,66.2,52.45,60.88,71.96,60.1775
95.78,56.14,93.69,98.89,90.4,86.5315
92.63,82.02,90.35,53.81,84.53,65.904
78.99,47.59,89.27,75.26,55.57,73.379
76.02,43.18,50.8,64.31,74.44,64.66900000000001
96.54,86.06,52.38,80.04,85.12,78.2625
96.62,79.96,77.49,71.42,54.35,64.9635
98.47,69.91,99.72,65.33,89.62,74.9355
56.27,68.07,67.12,62.5,61.1,60.1285
58.03,69.84,67.22,59.12,75.15,68.1275
83.84,66.22,56.71,89.14,97.03,70.522
77.07,63.57,83.72,61.11,78.57,73.84599999999999
50.92,69.98,82.33,88.68,71.2,68.98800000000001
53.1,71.71,55.07,74.25,50.34,64.39599999999999
94.4,81.51,73.37,53.61,56.67,65.7795
93.44,82.67,83.35,58.27,78.93,77.547
67.86,62.66,74.68,94.65,74.69,80.52
94.55,64.81,83.72,80.14,68.19,69.07300000000001
79.68,62.42,90.81,59.22,96.16,64.179
90.3,72.19,84.29,85.19,66.62,69.73349999999999
71.37,67.2,80.81,91.16,76.86,83.428
55.67,93.38,92.68,66.53,78.44,80.0545
71.69,81.78,95.03,77.83,76.37,76.825
72.86,93.92,69.44,64.67,73.88,66.28049999999999
77.55,82.55,58.66,54.0,66.85,67.869
55.28,98.26,90.89,69.98,95.44,80.363
99.57,78.14,60.69,87.57,72.54,80.542
62.21,97.81,96.45,72.93,76.42,80.44250000000001
59.93,49.49,51.14,70.26,82.82,61.6695
76.34,43.15,96.06,68.3,53.38,65.717
76.86,74.75,79.46,72.95,89.06,69.42999999999999
71.99,99.01,88.74,65.91,75.63,77.061
88.59,65.06,69.92,80.61,82.86,74.61599999999999
75.83,52.72,99.59,53.18,88.6,64.87549999999999
80.48,71.29,61.38,90.37,93.7,72.074
86.19,78.93,63.22,58.66,69.61,59.2765
51.25,58.91,52.57,81.67,90.57,74.875
78.53,82.89,97.02,72.49,62.94,68.56249999999999
94.21,98.51,72.8,88.67,83.02,77.322
50.87,93.82,83.74,91.31,55.14,74.0235
70.26,57.5,84.37,60.21,51.0,63.05850000000001
96.31,59.6,93.73,83.86,54.79,78.45649999999999
67.66,62.29,83.25,59.5,65.97,70.76299999999999
72.94,63.67,78.1,56.2,51.55,60.2605
99.08,46.02,85.52,96.51,81.52,80.65599999999999
59.97,85.72,87.55,58.22,65.83,65.952
53.26,61.92,59.3,61.41,86.82,73.2205
92.97,92.79,55.48,56.52,52.3,59.6715
93.42,95.62,53.74,73.51,60.84,63.9235
73.6,41.47,68.7,95.98,70.4,70.8095
75.71,99.31,74.9,63.2,69.13,66.2295
91.79,82.6,80.78,77.09,56.55,66.7915
86.93,71.22,97.9,70.57,99.71,77.235
63.26,63.37,66.54,66.8,64.22,67.6985
50.84,71.11,88.04,78.61,86.05,74.57050000000001
73.99,59.48,76.57,77.94,61.0,72.352
92.95,77.36,61.0,67.97,93.89,72.8965
94.79,45.58,80.77,92.53,69.39,74.033
97.81,77.27,98.36,52.66,95.05,72.3325
93.98,56.52,56.22,54.26,67.09,62.2655
79.0,41.06,75.36,99.54,50.43,66.84299999999999
72.23,73.16,52.58,87.38,75.85,69.82
88.74,74.71,66.06,90.2,76.24,73.6845
86.99,65.59,81.03,80.14,55.99,72.1865
76.91,44.34,92.05,70.99,61.75,72.07049999999998
54.37,93.6,86.52,81.46,89.17,76.313
96.3,76.69,73.14,54.63,51.84,59.620000000000005
72.78,46.94,95.46,87.89,74.48,71.7925
68.17,70.66,65.14,77.04,76.52,66.049
81.48,69.84,87.7,97.84,84.44,82.45700000000001
83.69,43.62,73.7,81.87,51.87,65.406
60.53,76.41,94.93,57.58,79.28,73.563
91.85,88.5,89.87,73.88,50.15,71.17699999999999
64.5,84.94,95.07,52.89,63.26,75.4245
59.33,52.18,60.71,87.27,74.98,78.92500000000001
70.32,91.74,83.41,75.09,95.56,82.68299999999999
86.53,60.55,86.92,68.48,56.33,74.49000000000001
98.27,96.79,87.12,98.43,58.46,84.0265
90.46,44.3,75.2,97.03,83.46,82.44
97.02,69.17,50.56,97.64,68.74,81.52550000000001
57.03,75.83,63.07,61.05,81.17,73.4495
53.56,54.86,66.17,86.43,99.87,74.74799999999999
77.89,86.28,92.6,97.27,99.34,88.2645
64.51,77.61,92.04,78.54,67.69,76.351
91.4,41.09,55.23,60.71,75.2,54.5485
83.6,76.5,97.49,90.89,95.23,79.561
98.54,69.49,59.12,94.0,54.61,78.77749999999999
62.74,51.76,70.72,85.16,72.62,66.812
74.29,99.74,60.76,64.68,68.88,74.0595
75.06,93.83,93.02,59.53,64.74,71.66799999999999
61.96,57.55,87.47,81.21,99.71,73.832
79.5,72.46,67.68,74.14,86.68,79.5235
72.16,58.99,84.09,83.44,69.44,80.6205
72.34,86.53,59.22,55.58,91.45,71.214
68.14,95.82,69.11,56.8,74.48,66.52250000000001
50.85,61.53,68.86,68.14,93.64,67.507
76.1,88.34,61.9,62.94,63.32,64.33
66.76,69.9,93.82,80.97,61.18,74.84700000000001
50.07,63.79,83.94,68.38,62.36,60.732
65.4,96.31,64.0,84.2,76.92,76.626
63.93,70.62,62.11,88.44,64.57,69.861
69.67,68.04,50.9,59.36,57.36,61.407500000000006
56.59,80.35,67.33,95.99,99.73,80.24449999999999
75.38,55.67,76.34,89.36,95.02,74.01400000000001
84.62,59.49,63.89,81.34,81.75,62.014
81.51,95.92,85.02,95.45,94.58,95.0915
90.19,80.71,70.59,63.29,96.77,70.529
72.6,89.6,65.82,71.09,83.81,67.7685
75.95,56.27,96.95,54.29,75.93,67.24549999999999
90.52,72.63,63.14,72.81,94.1,77.9885
71.39,98.28,69.91,75.32,78.39,78.45599999999999
85.08,59.12,69.11,80.8,56.34,72.136
71.73,49.63,62.06,53.2,68.34,52.93
70.89,70.65,60.87,51.62,72.3,67.064
88.01,63.27,65.12,70.99,96.77,72.0325
58.74,49.57,93.21,59.46,82.96,67.5135
66.93,93.31,88.35,87.94,93.76,90.862
61.21,99.44,84.05,83.44,87.88,77.8985
67.96,74.11,72.86,66.29,65.49,65.114
61.52,86.48,75.39,52.29,85.94,74.864
78.97,91.54,63.36,59.12,59.76,66.68199999999999
89.91,82.06,53.72,84.58,70.41,62.8945
89.33,42.65,66.55,99.51,90.3,75.2505
68.23,49.46,74.78,66.32,80.6,70.8195
99.44,44.26,52.87,90.1,91.27,63.03649999999999
79.69,40.59,54.41,93.35,62.74,61.98649999999999
69.97,58.36,63.15,52.41,87.49,58.0985
91.78,63.54,68.35,95.81,60.12,81.9135
86.49,54.46,69.67,73.31,77.27,74.152
87.46,43.88,55.89,98.21,71.68,73.66399999999999
59.81,71.79,61.29,76.93,77.82,70.5155
73.42,56.4,63.08,61.76,56.78,58.128
93.09,87.76,53.38,98.73,68.06,75.411
75.2,40.48,66.3,62.17,83.35,66.8605
84.17,90.55,53.61,94.12,77.93,71.308
79.4,97.29,85.17,58.66,77.45,73.992
92.12,82.97,69.3,83.74,75.54,78.2115
64.23,84.02,66.34,70.56,97.19,67.206
78.77,96.01,56.33,98.6,96.73,81.149
56.16,52.54,61.33,59.24,68.01,64.136
84.51,99.67,61.64,70.44,67.59,74.125
86.6,86.41,99.26,81.99,77.74,78.384
52.14,83.59,91.77,98.88,54.78,76.596
83.79,61.67,50.76,65.19,65.15,65.50399999999999
70.73,72.75,80.84,69.84,61.54,77.012
56.2,79.24,62.8,73.09,61.17,63.5425
71.0,77.22,55.22,62.64,81.93,73.6485
59.71,82.3,85.28,90.87,69.22,81.145
70.78,44.94,56.58,54.6,58.56,60.534000000000006
69.22,61.34,72.19,85.24,94.38,67.5795
86.92,66.04,81.61,76.7,93.71,73.37100000000001
88.71,55.64,77.72,62.1,93.12,59.341
80.35,50.36,98.88,74.64,69.54,72.1695
51.13,48.34,89.29,91.5,52.85,78.1245
96.55,61.98,88.71,72.27,55.34,64.68849999999999
84.31,69.61,67.78,56.09,63.8,66.5355
51.71,43.78,50.42,52.04,61.0,50.602
90.94,96.79,86.72,88.89,93.7,84.9735
60.01,85.91,99.99,66.52,99.32,74.2205
78.96,83.85,70.29,96.56,90.83,73.652
73.33,50.37,99.28,80.86,86.49,72.1745
70.99,76.23,57.09,71.81,79.43,74.709
94.49,71.78,64.83,78.22,88.5,66.13749999999999
71.87,98.95,58.54,72.86,97.35,70.229
53.77,84.86,73.76,95.29,80.07,71.0945
97.33,74.55,89.85,72.9,57.73,77.158
96.03,91.05,67.03,55.2,58.19,65.5485
84.22,49.31,95.31,79.85,79.19,78.73949999999999
73.39,40.91,77.24,81.15,66.67,68.5595
54.64,81.41,73.27,88.27,95.51,74.86399999999999
89.54,45.9,89.35,96.66,80.58,80.11349999999999
53.77,46.93,55.07,72.15,83.82,60.137
53.43,84.68,88.69,67.6,50.29,70.987
76.87,56.23,62.15,74.54,74.94,69.408
58.01,77.72,64.04,95.01,71.56,77.5855
50.39,95.04,79.97,99.0,85.29,78.18050000000001
71.16,58.99,95.1,98.56,69.13,74.817
56.86,53.03,78.92,61.48,98.83,74.952
58.03,46.39,82.45,74.84,83.51,74.274
53.85,47.83,88.83,62.97,83.0,59.9025
60.25,43.73,62.97,68.4,95.97,60.272000000000006
85.77,45.26,91.36,51.58,99.76,71.818
90.45,65.92,70.9,58.03,59.89,69.24849999999999
72.63,59.25,58.78,69.85,90.53,75.995
75.33,82.39,67.51,68.24,58.12,65.154
51.63,92.21,62.31,63.94,72.85,70.3625
53.47,87.09,61.44,61.52,55.01,59.904
62.88,71.84,64.13,87.45,81.17,77.975
77.19,46.15,59.05,64.73,73.43,55.33200000000001
86.98,82.59,83.39,85.33,81.43,73.8265
80.25,61.77,79.0,68.43,83.9,61.682
69.61,45.14,82.42,90.1,80.97,75.236
55.92,90.55,67.19,58.36,64.7,65.229
89.04,60.29,88.49,57.88,91.85,72.681
68.19,53.09,56.48,83.98,77.58,75.6025
86.8,92.29,78.56,95.75,74.49,84.7165
75.65,94.13,63.77,57.15,99.35,71.63
86.93,60.34,76.38,53.69,64.18,70.928
95.36,61.29,66.18,96.73,76.4,75.7245
96.05,74.78,89.53,55.87,84.12,63.94199999999999
76.76,84.01,94.56,62.52,56.26,76.0975
75.58,43.79,87.13,96.47,67.71,66.9825
63.28,75.6,58.78,90.15,90.08,75.0025
96.79,97.17,63.74,67.14,61.84,68.41
72.9,55.73,95.97,97.73,74.66,78.33749999999999
56.38,94.53,71.86,78.4,81.53,77.2615
71.64,97.01,97.06,53.61,83.56,68.917
56.35,56.15,69.62,85.15,86.42,72.12
75.13,85.25,97.59,76.86,93.3,85.94399999999999
78.06,54.33,96.29,78.63,69.64,71.8085
66.89,84.26,83.03,99.71,85.33,79.717
53.58,87.85,50.44,57.63,86.61,64.851
97.18,54.83,70.02,82.84,65.01,74.828
88.67,82.95,95.56,72.94,98.41,83.24449999999999
91.94,88.73,94.26,63.59,93.26,79.674
68.34,61.51,59.37,84.68,64.49,63.19499999999999
88.04,50.06,69.96,83.41,83.75,66.9585
74.27,45.52,91.78,92.82,85.89,73.31
60.05,74.52,78.89,93.94,71.57,73.0955
56.22,98.69,92.36,78.09,93.19,83.7485
67.25,89.38,91.33,66.28,84.51,83.339
56.88,66.15,95.37,76.48,82.91,71.7455
99.91,72.2,55.86,67.96,61.04,71.7235
52.46,56.77,57.26,63.87,70.39,54.557
72.06,49.78,54.14,77.58,71.7,73.80449999999999
72.6,68.92,96.76,82.9,86.68,76.0325
65.03,67.81,73.76,79.53,80.92,79.604
78.57,71.32,53.22,97.72,54.29,67.5485
57.5,97.17,66.08,64.93,65.38,78.45700000000001
89.2,76.23,67.57,68.62,73.65,63.6535
66.62,76.35,90.48,83.38,86.84,74.94250000000001
79.57,47.68,86.77,80.02,87.18,72.3165
85.78,99.79,84.47,50.09,74.53,68.804
94.45,86.37,51.09,65.61,55.85,70.1495
91.79,92.63,95.53,62.69,64.65,79.3885
80.42,64.86,60.78,92.0,62.73,74.1715
69.42,70.13,81.45,93.31,89.05,84.2175
75.16,71.33,53.09,64.19,59.0,55.575
88.44,51.65,54.08,55.1,73.25,61.697
93.88,81.37,50.48,60.26,83.54,63.737
55.19,94.18,78.3,58.83,98.24,79.3275
69.24,49.82,81.47,61.87,99.96,67.91300000000001
88.81,45.18,52.52,61.73,97.65,64.31649999999999
71.58,84.29,64.52,73.99,85.91,70.777
66.61,56.39,92.57,65.98,87.32,66.435
70.57,77.43,55.07,77.99,87.96,68.6655
80.14,81.75,60.83,67.21,93.13,67.74799999999999
99.99,59.31,71.22,90.73,97.59,74.745
74.65,88.91,92.11,97.54,72.29,74.734
60.42,73.0,62.74,70.2,70.83,72.694
58.14,92.14,99.86,52.47,73.02,66.07300000000001
52.12,85.8,67.76,61.98,82.99,75.027
77.94,92.11,69.32,55.09,88.77,61.856
77.23,41.21,56.11,67.24,93.53,56.76299999999999
60.26,54.61,84.01,82.26,72.81,75.30199999999999
84.77,45.4,62.17,75.95,68.17,68.115
87.06,66.52,81.44,62.14,99.17,68.32050000000001
62.95,93.4,61.16,88.36,61.59,77.31349999999999
67.2,68.05,69.39,56.57,61.1,58.527
99.52,90.98,92.83,61.41,85.77,77.9165
68.71,59.63,86.95,83.8,58.98,70.6
88.04,60.37,57.73,59.86,69.97,57.765
72.64,93.73,80.39,83.94,64.62,84.0445
89.67,65.55,81.43,98.85,58.44,78.831
88.45,87.39,54.53,91.57,78.99,74.088
83.39,54.2,73.29,58.0,68.68,70.8965
92.74,96.93,63.03,76.02,73.11,82.841
96.96,74.47,73.36,71.12,59.79,68.347
79.0,85.56,88.85,99.58,88.39,80.9045
61.87,45.37,57.91,98.22,65.74,78.0645
69.93,69.56,56.17,56.36,67.14,57.58399999999999
87.92,94.06,63.47,95.44,62.61,73.875
82.54,92.62,97.61,59.67,71.72,72.29
58.89,42.81,87.39,65.97,73.18,71.369
52.56,58.22,50.97,67.67,76.48,69.5275
84.15,66.6,70.05,64.34,98.38,71.3675
62.55,50.34,62.87,92.66,95.23,81.015
74.98,83.8,81.91,66.5,80.47,65.73349999999999
87.34,51.07,72.96,90.84,51.95,62.43900000000001
78.13,60.8,98.22,99.72,80.61,81.5225
54.17,79.8,60.95,92.04,54.48,79.57
59.28,68.93,79.39,67.31,85.52,69.553
60.97,84.31,85.01,85.56,69.5,69.9985
62.89,97.67,91.28,76.7,91.88,75.133
78.27,46.99,70.35,89.33,97.13,70.0655
75.2,82.57,84.35,57.65,70.86,67.03649999999999
60.16,53.82,65.16,81.91,73.03,61.923
53.38,64.87,71.77,88.68,79.51,83.1585
58.57,41.97,94.78,88.06,59.86,73.41400000000002
99.22,48.15,97.5,98.18,96.37,84.9385
73.43,59.19,85.94,52.92,71.65,60.438
93.37,60.52,68.72,67.29,58.34,57.0345
92.44,93.98,91.0,73.83,88.14,79.6475
75.58,84.51,51.29,65.49,60.96,71.588
85.33,98.33,55.14,65.49,57.18,68.083
59.64,75.94,83.07,58.81,78.14,72.521
84.42,54.5,64.56,90.65,83.57,79.65599999999999
63.62,59.66,97.57,95.4,78.48,71.75
91.6,59.19,71.8,54.12,82.83,62.1725
54.19,59.59,71.47,57.74,55.78,66.289
88.66,80.38,83.9,61.42,73.8,70.0005
55.0,71.85,88.38,75.45,67.85,68.58949999999999
94.06,63.13,73.78,89.56,98.67,76.12650000000001
65.21,48.95,60.7,53.57,52.48,55.749
82.72,41.33,88.67,81.84,64.91,75.4605
74.38,53.13,66.02,57.47,97.09,60.525
68.32,46.45,58.76,98.57,99.17,71.3695
82.27,87.13,81.58,94.94,91.25,83.231
97.38,46.75,54.52,97.48,53.8,74.50450000000001
52.06,83.45,98.57,55.31,78.07,71.603
95.94,63.14,81.62,74.4,70.01,78.135
80.45,44.4,99.29,58.26,90.32,72.8885
90.37,88.76,66.94,80.02,52.75,73.116
69.19,74.78,98.56,61.64,59.86,67.849
73.59,54.15,57.28,88.53,74.46,72.19699999999999
93.44,93.68,52.03,82.2,57.88,75.0295
70.74,42.72,51.65,78.58,84.64,71.0435
76.73,52.11,73.24,91.26,91.04,82.1895
51.01,85.12,54.15,75.01,85.23,74.614
57.93,82.56,75.61,63.49,72.01,71.21849999999999
82.08,57.36,66.38,81.04,93.92,63.64500000000001
85.85,43.72,66.78,97.85,56.88,63.0205
79.13,91.48,81.78,80.06,63.02,73.3965
57.17,58.82,58.15,81.48,74.48,61.565
72.27,51.74,88.33,96.74,53.07,74.547
67.75,70.96,79.1,75.76,54.78,69.9075
74.78,94.61,95.75,99.82,69.87,86.547
93.52,42.61,68.24,57.98,97.19,64.9505
88.79,85.95,99.14,76.85,95.42,79.8405
54.2,74.35,78.79,60.65,73.3,70.42599999999999
94.52,65.53,98.67,72.67,57.11,66.597
73.59,84.64,51.35,58.53,58.91,70.331
87.19,97.95,86.4,61.13,68.88,66.8595
57.0,53.75,90.83,60.54,60.5,73.9315
83.54,48.62,52.66,66.0,54.15,55.67949999999999
61.82,94.77,78.95,56.73,83.69,71.341
71.92,80.14,90.1,90.47,79.07,73.7165
50.84,66.28,78.05,61.03,64.56,59.0395
57.58,74.4,53.19,70.83,88.95,69.62
54.6,84.74,84.67,50.8,88.8,70.6815
61.99,86.38,53.03,55.24,74.55,62.72349999999999
55.0,95.19,90.87,94.81,54.83,84.32
84.6,65.61,52.15,91.86,95.92,73.499
51.45,57.6,56.87,92.05,83.43,72.0935
80.89,78.38,63.76,70.57,62.35,73.98949999999999
57.04,64.94,81.67,57.08,80.52,72.14
97.26,75.68,98.82,55.39,70.25,72.407
96.65,65.2,55.89,80.28,81.77,68.402
61.28,49.18,57.14,91.41,73.69,65.9575
80.72,68.17,68.44,95.01,74.27,85.449
51.4,81.46,91.81,64.44,86.79,71.15650000000001
96.59,87.96,73.36,66.05,80.69,78.70949999999999
76.15,69.6,66.08,55.04,54.0,61.214
52.16,49.91,78.06,88.72,53.27,80.21350000000001
67.12,64.88,63.03,63.78,65.25,64.828
53.84,87.18,70.06,74.05,71.51,68.6845
69.65,64.77,66.63,96.44,63.76,79.40549999999999
83.5,81.79,90.21,87.61,82.57,86.4325
73.49,70.43,96.21,52.64,59.76,73.6065
69.19,54.47,87.98,50.41,85.21,69.57900000000001
55.96,87.77,71.95,89.37,88.66,84.28
62.25,45.05,75.22,77.63,56.22,69.8665
55.01,71.49,56.25,86.02,82.54,76.5635
90.37,52.53,87.34,57.84,98.07,72.902
56.76,44.02,79.82,93.6,59.64,70.07249999999999
79.77,70.18,95.12,88.67,95.47,82.5555
67.14,69.97,60.03,94.54,80.3,77.572
61.3,82.41,87.99,67.05,79.55,73.5725
81.97,84.69,84.23,63.79,52.6,75.4
72.85,83.67,63.29,57.59,87.42,64.493
70.01,64.57,83.37,96.5,73.91,75.5195
79.64,77.9,96.22,58.84,86.06,69.52600000000001
74.56,74.62,95.92,55.97,90.46,68.0655
65.17,65.29,85.98,59.63,76.19,67.5685
77.95,75.83,52.4,88.57,63.18,75.886
83.47,96.83,93.61,94.48,57.08,86.1455
51.33,51.57,82.89,90.55,58.03,78.40950000000001
73.29,94.35,65.52,78.16,93.35,72.25099999999999
52.88,43.21,59.36,99.69,56.18,78.083
59.32,58.5,55.81,53.44,69.23,62.404
78.03,57.29,52.51,93.36,66.71,65.2815
93.31,77.58,87.71,71.39,93.27,78.845
94.14,47.87,61.79,72.76,73.88,72.88
53.5,92.94,51.21,56.38,99.82,61.536
70.96,89.71,69.86,51.67,86.85,68.07400000000001
79.15,79.12,74.13,65.83,92.55,80.239
57.35,67.5,58.46,58.74,54.93,57.004000000000005
88.27,95.98,52.2,74.17,62.66,71.9965
87.21,89.84,59.46,57.37,56.77,62.9655
95.17,69.96,83.96,56.9,73.18,63.79600000000001
50.42,82.11,54.11,93.85,85.91,79.9465
60.83,74.02,77.75,96.06,58.45,69.0835
91.36,75.28,57.32,98.21,56.51,80.199
83.53,59.86,59.78,84.03,80.73,65.9105
94.72,67.73,69.65,88.55,61.52,72.749
52.86,44.69,55.04,91.79,73.97,67.49849999999999
79.85,61.44,58.66,82.95,52.56,68.601
78.45,81.75,67.45,66.51,84.03,69.0485
51.78,97.19,66.48,57.82,77.07,72.486
75.68,97.78,87.46,61.86,82.37,80.67850000000001
80.48,73.34,53.74,92.02,63.77,79.65
59.56,76.4,93.02,84.8,63.93,79.8685
63.67,51.14,90.81,72.79,90.07,76.219
82.02,81.72,88.3,51.47,85.93,73.98949999999999
73.42,44.24,65.47,63.31,78.99,61.84599999999999
92.9,57.08,91.14,86.44,81.41,75.3985
67.12,80.1,59.14,75.62,54.7,65.37199999999999
63.33,58.62,56.22,71.78,92.81,66.3685
99.24,42.99,52.25,65.68,88.5,68.63
95.56,89.91,96.97,80.35,79.52,83.04149999999998
51.45,58.62,65.4,98.32,95.93,81.3795
88.54,43.79,95.88,95.06,58.43,71.864
55.52,44.49,63.63,51.52,84.33,56.724500000000006
51.37,55.11,95.38,74.05,98.15,72.646
63.68,50.68,95.2,66.47,65.5,76.443
63.47,86.46,96.18,75.53,50.76,70.7885
90.97,59.3,74.81,80.31,86.74,80.13600000000001
85.53,88.28,93.3,60.0,50.35,65.08699999999999
99.08,50.43,97.54,89.08,93.63,82.3175
85.58,69.57,66.23,73.75,52.82,71.587
70.91,81.28,70.94,99.6,82.64,84.12950000000001
84.95,79.12,85.96,51.26,68.86,57.881
99.97,76.07,65.02,59.49,60.17,60.29750000000001
85.51,95.49,87.69,84.48,94.91,80.00200000000001
88.08,53.71,53.69,84.76,87.31,78.589
96.92,69.62,76.17,79.11,67.02,69.4285
55.68,93.04,56.12,98.6,64.21,72.02
85.24,44.67,64.67,70.77,86.8,65.61449999999999
92.54,43.35,62.93,70.85,91.83,64.4325
97.72,54.0,91.95,95.52,85.79,82.9025
60.55,77.98,59.68,76.92,82.0,79.5325
75.2,55.59,90.42,67.69,61.4,71.056
84.03,51.41,89.7,85.95,92.64,81.7705
62.37,67.53,74.94,80.98,87.48,79.67000000000002
80.02,76.82,61.69,65.32,75.86,63.901
62.88,54.91,61.34,64.9,75.58,69.933
66.67,58.04,73.25,69.78,78.46,71.03099999999999
72.08,76.81,50.44,53.58,91.41,62.725
76.46,96.74,76.57,97.13,87.11,88.619
72.47,80.48,97.64,59.15,92.81,72.10399999999998
74.66,86.97,57.74,59.69,75.36,60.247
64.93,62.01,78.67,82.35,81.23,78.93
57.95,56.34,98.09,86.21,92.73,85.658
52.37,67.26,93.03,86.84,61.62,80.43
59.8,88.43,92.52,68.75,72.2,69.675
79.1,67.38,91.09,93.67,81.03,85.5195
89.31,90.8,65.45,77.2,95.76,66.8435
58.46,99.33,94.53,71.93,50.79,71.112
55.43,44.32,97.07,90.52,60.63,72.905
87.46,42.72,74.79,62.18,61.72,53.655
65.26,48.98,67.73,93.01,66.33,70.54750000000001
97.57,63.06,70.71,76.94,64.09,72.39399999999999
85.72,47.86,66.71,95.0,79.51,81.124
66.34,92.24,60.62,60.08,94.28,76.08099999999999
64.48,41.39,80.92,96.8,81.85,79.884
76.18,58.95,78.13,84.39,62.08,70.372
53.96,51.08,73.13,80.92,93.19,74.3615
55.88,95.89,54.79,71.1,81.6,76.267
58.79,80.17,89.84,97.82,60.95,80.85749999999999
88.74,94.72,58.75,72.2,68.08,73.3485
75.69,98.34,55.73,74.93,89.5,73.8245
50.53,69.83,81.15,89.07,86.95,74.7955
83.68,54.06,69.93,64.24,78.83,68.481
71.18,51.62,52.99,64.57,57.24,63.839
75.54,53.38,67.78,88.76,90.16,79.0605
60.71,82.52,88.59,56.43,65.38,65.4635
77.59,42.43,80.76,91.15,88.58,77.3015
98.96,43.08,68.14,81.26,82.38,75.0215
53.67,76.49,59.59,76.95,63.21,75.353
64.2,78.52,81.59,61.46,60.62,65.729
62.15,79.92,94.38,89.32,56.55,75.29849999999999
62.43,62.31,82.31,90.25,62.1,80.108
68.94,88.36,90.65,74.15,57.89,75.01050000000001
90.91,72.02,76.08,69.46,80.85,62.2255
95.64,46.33,85.9,62.31,79.94,63.339
60.11,87.83,94.81,87.71,79.31,86.0
77.15,97.18,88.66,81.97,82.09,83.2735
81.84,43.6,95.49,60.33,90.74,69.3965
76.09,63.48,71.56,89.72,95.68,76.4625
71.7,69.25,95.21,94.11,61.52,82.4665
59.6,48.79,81.08,52.96,79.39,59.5425
74.41,92.06,93.5,88.62,53.92,80.31700000000001
70.06,57.05,51.97,92.64,56.01,60.26599999999999
89.78,86.98,82.89,99.58,82.72,81.50399999999999
88.18,80.26,92.4,61.88,74.33,71.186
56.7,75.88,58.71,68.55,87.92,74.62299999999999
54.43,51.53,83.09,98.31,71.28,78.464
95.41,53.24,91.25,54.7,56.38,63.484
76.78,42.84,64.4,76.19,93.6,61.553
92.89,54.44,70.26,75.34,54.14,65.301
52.91,60.73,78.48,80.33,59.45,71.6155
76.33,89.99,75.96,66.54,63.85,65.0495
76.97,61.98,51.96,96.3,99.76,69.617
93.04,85.28,54.93,63.5,70.84,69.5805
54.88,66.37,55.02,82.48,75.09,73.144
62.02,87.09,63.11,74.8,88.48,71.1305
70.33,98.58,62.29,63.33,81.82,71.7815
93.29,54.39,87.11,59.44,92.07,72.854
96.94,91.74,78.64,97.83,74.32,90.2355
99.64,77.31,88.2,78.06,98.61,76.25300000000001
97.96,89.04,53.49,80.21,89.84,80.9765
50.3,79.1,74.26,89.14,70.07,77.793
52.39,65.44,66.19,54.06,69.06,67.81099999999999
57.38,53.68,92.5,85.69,96.47,76.75099999999999
67.44,44.2,85.39,58.26,84.22,67.6485
91.5,72.13,93.46,87.02,81.07,83.809
94.63,99.42,52.32,57.07,87.89,66.3685
59.34,84.28,86.04,91.62,78.04,84.643
80.98,59.64,77.0,84.05,57.96,65.83699999999999
95.87,89.63,91.25,69.29,65.96,66.36500000000001
73.19,86.14,75.36,67.94,77.9,73.5795
55.18,56.9,77.01,57.45,50.91,71.5475
72.89,40.86,52.59,95.2,71.87,70.0545
68.79,47.09,83.43,55.93,87.79,65.861
78.88,92.64,63.66,73.6,58.21,75.2635
71.93,90.19,50.98,61.83,53.23,61.65
50.87,57.71,53.32,99.82,91.8,75.91049999999998
99.7,57.11,97.86,79.29,80.86,78.4435
77.18,87.57,67.3,57.48,58.83,71.3125
73.68,96.26,93.4,83.38,90.32,75.455
97.73,86.75,97.98,99.58,82.91,86.517
57.79,76.33,97.16,80.25,66.71,72.577
59.46,54.56,94.09,72.87,68.81,66.8445
90.4,71.54,94.74,64.66,57.79,67.41149999999999
63.04,54.01,64.45,54.61,91.76,64.658
89.96,88.48,57.57,61.41,75.45,65.36800000000001
63.58,63.22,81.96,77.68,77.85,69.93849999999999
51.66,90.02,74.41,87.69,94.17,85.136
75.85,62.9,54.94,93.9,50.79,76.525
59.83,89.45,83.88,89.69,53.35,74.4115
87.89,60.0,78.14,56.27,58.08,67.35
82.06,66.41,93.15,88.67,51.5,73.57
96.18,76.93,80.46,79.08,82.91,80.1235
89.15,44.22,78.7,73.46,81.69,69.6725
59.04,96.89,72.04,78.64,60.54,80.4255
90.01,74.42,73.14,50.4,57.47,55.68599999999999
82.09,70.47,97.72,53.39,57.28,68.76599999999999
83.45,90.36,56.92,76.29,97.66,75.73500000000001
91.61,91.95,72.31,58.68,84.68,68.986
78.69,71.34,82.79,77.28,79.27,72.19800000000001
73.3,95.64,71.65,67.71,66.12,72.1185
81.83,43.88,64.16,95.37,71.65,75.2845
64.9,46.79,64.37,97.48,54.47,62.4825
59.13,75.81,61.68,98.99,99.91,83.0315
80.83,61.24,67.2,94.95,87.75,73.3085
61.69,67.85,93.58,99.29,81.07,75.7135
54.0,59.68,75.26,85.31,79.39,73.9255
50.03,64.28,62.01,98.03,75.22,70.887
80.42,89.36,69.23,82.09,62.87,74.19
68.11,75.61,55.29,90.46,61.32,68.75999999999999
87.62,99.84,95.2,56.6,77.48,77.114
68.76,87.21,70.41,84.13,53.51,74.6755
74.3,56.42,99.02,96.56,53.72,85.1785
70.35,55.86,67.38,77.0,78.04,69.06
82.53,60.15,91.82,59.34,95.99,73.19149999999999
67.81,90.6,62.82,76.34,95.71,73.856
98.19,41.64,53.81,85.35,50.54,62.794
96.81,53.81,51.59,88.49,55.37,66.7465
92.4,94.3,80.31,76.19,79.15,73.961
96.02,78.39,65.58,60.87,92.42,69.146
72.46,53.61,72.18,96.33,97.72,71.88949999999998
76.82,53.15,90.93,88.68,93.03,70.444
87.1,91.76,62.41,63.53,83.88,65.3425
84.81,93.63,65.43,90.59,60.03,81.974
94.53,55.37,92.27,67.39,53.63,71.95599999999999
85.82,65.23,74.64,65.62,52.38,63.047
99.89,90.08,91.38,93.15,80.6,84.074
67.43,86.26,68.72,93.66,51.81,70.906
91.65,88.83,69.92,69.92,86.96,69.2295
84.88,71.1,58.36,50.45,85.62,67.18849999999999
84.57,94.69,95.82,59.33,53.98,74.1035
66.29,59.56,94.84,95.46,95.33,75.4185
89.28,49.4,99.21,94.94,76.1,72.691
95.02,82.52,70.12,72.67,95.22,78.0265
60.93,72.36,90.93,65.21,95.08,70.592
81.27,91.28,70.75,65.14,59.85,66.129
69.61,44.87,72.71,94.86,69.03,73.618
99.48,90.62,91.5,66.24,56.73,72.3755
73.94,57.6,58.87,75.58,88.75,69.327
61.42,79.29,61.02,86.55,75.21,81.0975
69.09,42.41,65.74,60.47,96.44,60.74249999999999
82.69,76.57,89.41,62.69,60.41,72.47749999999999
53.8,83.04,68.63,67.9,84.42,68.4525
80.18,62.13,67.91,82.71,99.46,75.75999999999999
96.56,52.92,99.94,90.87,83.27,84.14699999999999
92.52,72.26,69.19,77.34,53.44,71.37599999999999
53.38,89.99,62.39,56.65,79.42,73.554
99.67,59.41,81.16,72.31,58.99,74.2925
84.94,55.15,90.09,56.38,51.53,60.618
58.11,56.74,53.48,54.41,66.75,62.82849999999999
50.62,96.95,80.94,79.48,63.31,82.191
58.56,61.56,51.79,97.81,89.44,75.5095
91.91,40.22,76.32,91.88,68.68,67.5005
51.08,86.9,62.85,88.72,86.65,72.67349999999999
61.66,81.96,65.33,86.35,50.81,69.17450000000001
87.87,47.71,73.35,94.86,50.74,67.6635
79.31,99.09,96.36,87.64,51.47,80.5915
89.14,76.48,85.53,81.34,60.97,67.2105
87.31,70.05,96.84,68.23,68.7,65.7625
52.53,62.93,83.0,55.05,80.39,67.896
94.63,93.92,50.36,73.05,99.3,74.7145
61.35,54.64,63.28,96.24,67.72,74.892
77.67,57.15,95.29,79.16,52.78,76.632
82.21,47.34,82.17,59.23,59.75,57.928
58.43,85.55,99.08,82.45,94.89,77.7885
98.81,75.73,57.8,73.27,84.97,63.35
74.41,76.54,64.84,96.57,89.51,78.2515
52.88,53.11,68.12,58.05,56.21,52.343
96.86,79.07,66.33,85.6,56.75,79.17999999999999
79.31,85.93,62.6,84.08,55.61,71.3345
84.96,61.47,72.17,99.18,92.86,87.1185
76.26,88.08,82.11,78.25,60.5,74.61850000000001
91.74,60.93,65.56,93.58,82.16,74.4435
51.66,85.49,53.98,51.24,75.81,67.756
63.42,42.02,85.43,56.14,77.22,65.84400000000001
73.48,73.07,72.95,67.3,59.77,69.82
53.83,98.17,77.82,80.97,81.76,83.158
85.3,98.87,72.77,72.45,52.16,73.992
69.68,56.91,94.52,60.13,99.67,74.96799999999999
63.63,66.48,77.94,79.46,51.34,70.9725
50.17,43.78,96.16,78.33,52.51,75.93599999999999
85.99,92.4,75.53,76.22,66.23,70.021
91.69,74.11,64.63,54.53,91.58,61.77799999999999
69.75,63.11,67.77,96.35,62.86,79.9705
78.21,46.77,76.11,79.61,73.6,66.725
61.38,96.81,76.5,63.2,50.9,64.73400000000001
81.11,71.81,84.37,84.37,53.94,69.047
50.61,56.98,61.22,65.9,80.4,69.21
74.43,61.01,82.94,75.29,59.72,75.0065
82.21,56.24,88.93,67.06,84.71,71.587
95.91,76.11,83.83,94.02,89.27,87.2165
69.07,95.8,74.09,99.7,92.52,86.19300000000001
88.26,91.4,99.58,58.06,56.69,65.174
79.88,67.62,70.24,51.18,72.78,59.5335
96.35,89.59,55.33,60.97,97.35,71.479
69.92,65.39,91.08,79.5,88.6,75.56299999999999
65.95,55.14,60.61,58.7,55.85,54.81999999999999
94.36,99.0,85.66,90.57,75.13,80.86299999999999
52.46,58.23,58.95,70.43,96.12,68.8405
56.82,59.42,50.84,80.53,72.0,65.19800000000001
54.12,99.38,57.99,72.78,91.87,81.524
92.16,48.04,68.85,95.17,74.79,79.45599999999999
50.53,85.63,55.33,51.76,55.34,67.0285
93.08,96.15,59.88,86.47,57.39,82.46700000000001
72.56,70.71,88.23,82.61,52.33,72.18950000000001
50.2,40.15,88.49,82.48,59.77,72.452
70.08,62.5,90.87,70.7,94.68,76.536
59.34,46.69,92.06,50.78,82.51,65.5
81.22,64.97,71.02,84.46,86.94,79.268
83.97,87.4,93.38,91.47,81.08,80.2135
74.38,66.32,76.3,54.26,69.33,64.4765
52.03,65.92,73.53,72.08,60.84,60.8305
82.81,73.41,85.93,58.13,96.28,78.87549999999999
92.1,74.9,60.69,80.55,75.74,74.80749999999999
86.02,91.38,89.47,89.28,74.05,87.949
91.5,58.5,71.47,83.34,99.81,77.0085
60.03,89.3,56.36,65.9,69.2,63.094
94.44,73.96,55.97,56.99,92.71,60.3575
66.11,58.03,58.25,89.71,93.12,79.167
50.67,57.71,94.53,66.2,61.63,66.694
92.17,61.67,99.55,51.11,54.74,63.33749999999999
97.09,77.36,67.85,78.57,98.78,75.49549999999999
82.78,53.85,64.61,62.33,71.29,64.2045
61.57,95.22,60.94,92.06,50.11,78.348
62.59,74.49,91.19,57.16,74.95,67.7925
73.33,95.2,60.46,71.74,80.97,76.4905
94.89,42.78,96.2,62.66,88.8,72.7525
57.48,60.56,83.37,84.48,97.15,70.316
91.3,41.37,94.86,77.43,95.76,68.617
64.57,56.34,77.7,89.55,97.01,74.4345
90.43,91.72,84.53,72.93,51.61,81.5925
96.01,42.2,80.97,50.24,85.59,61.7765
71.37,66.17,91.56,60.76,61.29,68.044
68.25,47.05,91.79,99.96,59.38,77.9045
90.11,65.01,79.49,70.27,90.02,71.3505
76.47,90.33,81.63,81.01,70.86,82.6005
84.22,77.38,96.09,95.25,95.83,90.711
81.14,84.21,96.49,51.03,52.12,69.761
57.64,60.95,83.21,82.98,90.11,75.4065
92.24,96.66,50.39,64.42,56.84,62.8625
59.79,82.56,55.22,63.96,58.83,70.308
96.61,65.31,92.9,61.24,73.87,73.90800000000002
62.53,65.59,54.24,91.14,69.78,71.137
86.69,95.12,60.68,68.65,74.31,68.54100000000001
64.23,74.58,61.53,53.36,97.0,74.8245
65.89,82.38,80.01,54.84,82.87,69.3475
65.5,65.02,78.83,57.43,64.52,66.8235
87.39,53.42,64.47,94.95,58.65,65.6035
77.84,83.41,60.38,71.37,71.0,67.9745
94.15,76.47,88.23,95.8,72.58,87.813
65.37,70.08,96.77,90.87,80.06,80.607
84.6,77.44,52.64,91.89,63.3,75.29650000000001
87.65,52.5,56.66,64.34,88.38,61.5665
57.57,87.64,82.11,63.57,54.92,70.823
70.03,96.89,90.22,78.0,78.02,84.4035
74.14,93.47,89.56,70.9,81.18,78.235
67.78,59.29,85.98,75.45,60.34,76.3995
66.11,64.36,94.37,52.66,91.3,76.1275
84.32,88.5,60.87,98.58,80.77,86.114
60.79,75.71,55.36,52.91,82.29,70.7375
85.47,72.87,80.77,58.94,74.89,60.282
96.75,95.6,91.11,83.91,95.48,87.2925
78.26,72.16,79.1,57.78,84.7,61.09049999999999
80.57,70.9,98.15,55.34,69.09,60.06349999999999
53.45,42.52,89.78,57.68,61.93,54.33699999999999
93.22,44.17,85.04,53.1,53.55,58.56400000000001
64.27,40.45,53.01,62.57,58.27,61.2895
80.75,94.79,55.39,63.56,99.63,68.22800000000001
98.96,64.5,89.24,74.93,70.34,66.01650000000001
79.78,68.11,59.91,71.94,94.93,70.4155
86.24,90.72,51.44,73.69,58.53,66.6515
72.27,76.55,95.54,80.8,71.27,80.55300000000001
53.02,76.57,94.54,61.55,98.03,71.9045
89.88,57.79,60.92,56.74,54.56,53.632
51.75,90.03,89.01,93.94,79.7,77.583
85.03,49.95,52.4,81.7,95.96,68.99350000000001
51.15,43.19,64.25,53.03,97.48,64.4305
93.12,51.5,81.18,98.05,92.3,77.9395
57.88,56.06,88.16,84.65,92.8,74.5105
75.71,56.94,50.52,57.59,82.61,61.502
79.86,80.23,66.31,98.46,61.02,77.39599999999999
72.88,53.07,60.72,68.27,86.53,72.4125
67.04,80.6,99.94,99.23,98.92,82.692
73.39,45.47,83.55,55.16,76.3,68.991
65.57,48.83,70.28,58.0,63.03,62.552
71.91,70.53,53.78,82.87,78.67,66.187
67.95,95.31,79.93,51.11,84.53,77.1345
78.31,91.57,82.09,50.93,60.41,70.5715
61.9,98.13,90.82,89.6,85.96,88.591
99.43,79.03,64.43,58.39,79.37,63.643
75.04,80.55,99.07,95.94,80.62,82.3095
59.71,77.5,71.97,71.29,65.3,67.5625
73.85,77.37,64.8,93.68,57.76,67.663
93.32,48.83,67.42,70.89,81.17,73.1815
51.09,72.62,75.98,76.51,79.31,76.96650000000001
83.98,63.16,96.84,65.83,66.9,64.7965
77.4,66.55,86.76,82.9,64.79,77.3255
58.48,71.42,78.86,65.91,67.36,73.8685
90.87,47.7,58.14,61.16,74.49,55.483
68.44,61.57,57.47,54.05,98.74,62.5625
64.69,43.81,75.11,52.88,88.18,62.95750000000001
91.41,98.78,86.44,65.3,92.59,82.607
81.93,47.11,87.55,86.82,75.28,79.953
94.91,55.51,61.3,60.28,76.31,56.804
81.49,93.48,55.0,64.96,60.22,69.08699999999999
87.04,68.96,69.22,95.26,86.05,82.78500000000001
91.82,48.14,95.91,81.96,71.08,79.47099999999999
52.74,63.05,77.27,95.99,87.12,75.22200000000001
88.8,46.95,66.0,95.56,70.45,75.19300000000001
80.69,52.01,66.18,53.17,55.43,66.14
53.48,43.12,56.6,97.75,58.65,65.6605
75.43,66.29,73.66,52.56,90.58,65.936
54.12,88.4,89.57,96.28,62.93,88.0125
86.8,75.16,98.43,77.34,63.22,71.2925
77.33,76.38,75.08,76.66,96.47,82.88149999999999
97.68,52.04,58.36,85.66,82.88,67.7585
59.16,60.63,84.15,93.96,55.72,68.7745
80.3,90.71,87.84,80.85,57.18,70.318
60.58,45.27,53.58,71.27,63.62,56.77799999999999
80.7,91.48,92.51,55.59,79.7,65.99549999999999
86.13,69.02,91.47,89.46,87.64,84.878
86.12,90.23,73.63,56.41,63.72,65.594
90.75,59.08,78.02,86.32,93.53,83.824
92.68,60.33,85.67,76.4,55.46,68.39849999999998
53.86,85.1,83.84,69.29,60.38,71.07849999999999
67.16,87.1,50.83,80.65,98.52,74.7315
84.36,53.78,56.12,88.62,56.74,69.285
74.93,98.37,58.13,97.06,94.41,79.99900000000001
59.53,45.07,87.78,63.23,85.2,63.7865
77.64,44.11,72.0,97.36,53.65,75.842
70.37,75.73,77.28,98.05,74.19,76.4655
69.5,83.36,88.63,90.68,75.95,74.6125
90.49,97.65,67.05,94.07,96.61,85.257
70.38,64.3,87.44,84.62,71.06,79.138
51.32,41.52,72.11,51.95,72.34,58.871
52.9,76.17,68.86,78.75,55.62,76.7165
92.81,57.38,66.65,87.36,81.96,75.241
98.03,65.98,98.25,97.09,60.54,84.3055
84.42,69.31,88.6,78.52,53.88,71.07799999999999
68.22,43.87,51.01,89.71,99.85,77.3075
96.93,69.16,97.87,85.25,63.48,73.33
83.14,65.58,88.77,64.04,57.05,70.80449999999999
92.22,82.75,57.46,57.74,84.97,66.0755
88.29,78.74,53.82,87.55,91.08,78.2195
68.96,51.11,65.41,61.69,53.2,54.3325
73.94,52.37,81.21,62.23,55.27,59.4105
59.31,55.06,80.83,82.2,54.51,72.892
64.6,50.74,63.79,89.45,52.35,69.68450000000001
88.91,79.43,72.28,79.12,82.97,72.177
94.7,99.67,60.59,94.25,79.42,81.2535
86.22,79.13,52.53,60.57,83.14,68.9965
73.26,76.4,75.85,62.62,75.28,64.264
54.33,64.6,67.35,81.85,90.88,70.003
52.85,58.75,77.14,91.47,77.33,84.57000000000001
68.72,94.66,97.33,76.97,95.94,82.78349999999999
73.19,98.14,57.17,50.52,74.28,65.898
80.46,69.81,50.1,83.85,89.53,77.777
50.32,57.41,53.84,90.68,70.37,70.461
99.49,86.21,73.14,63.83,71.76,66.78750000000001
68.2,47.95,85.35,52.71,92.45,61.488
92.4,85.94,79.04,75.9,55.38,69.1225
76.75,89.14,74.74,52.11,78.25,72.9175
56.52,47.49,67.7,70.8,86.32,63.038
89.88,98.61,65.5,50.89,87.52,65.098
85.49,99.13,68.81,61.25,79.57,76.59049999999999
76.37,96.2,80.58,69.44,72.4,67.664
75.73,69.76,58.39,55.59,63.04,62.6935
54.37,54.76,88.57,55.71,95.47,62.972
82.79,74.92,78.76,91.35,68.49,77.3585
95.56,65.2,63.46,52.07,89.95,60.33749999999999
54.66,52.36,75.06,84.45,51.58,62.951
63.18,65.42,98.14,90.72,61.61,79.6835
95.12,79.83,51.02,56.54,67.28,64.29249999999999
64.22,44.25,59.98,59.77,83.58,62.3485
82.7,60.01,72.42,82.07,65.97,70.8125
76.74,41.07,81.92,65.78,52.07,62.227
79.82,84.97,60.61,73.82,58.69,68.5945
70.79,78.44,96.57,91.8,62.96,82.3175
65.0,43.76,82.13,56.9,58.8,64.4685
52.43,97.88,93.87,80.98,60.19,80.523
87.21,41.36,66.47,97.12,88.45,77.1305
87.3,75.4,91.45,52.87,70.6,62.811
83.54,86.58,68.91,53.0,70.26,59.8695
82.18,87.27,62.64,77.74,98.33,71.02399999999999
62.19,42.06,95.58,98.0,72.34,85.94
51.12,94.38,54.61,61.02,96.38,76.5675
90.44,95.11,97.14,66.54,64.95,74.862
74.56,73.68,72.93,54.93,70.03,60.0885
65.34,68.92,99.63,68.11,69.81,66.839
55.1,42.69,76.98,52.22,77.3,67.23400000000001
53.14,73.72,87.87,69.45,79.21,78.4345
67.44,64.56,50.35,77.77,62.41,61.1135
90.24,86.37,74.83,98.75,89.68,85.8905
95.94,64.23,86.87,90.92,74.83,74.699
94.84,81.01,89.14,91.1,50.35,75.5975
96.0,46.08,57.9,61.41,79.57,67.7295
95.39,47.98,70.95,54.36,89.9,63.0425
76.36,48.38,70.95,80.15,62.52,73.42150000000001
60.97,42.73,55.18,76.06,51.89,55.99849999999999
89.9,72.48,72.15,75.83,90.36,69.7295
60.69,87.64,90.35,55.45,98.81,72.26950000000001
63.36,76.62,65.01,74.69,53.83,66.262
61.66,74.5,71.63,57.52,96.9,69.31799999999998
75.75,80.84,98.05,71.11,67.96,71.4225
66.09,60.38,51.59,53.11,97.07,59.505500000000005
57.71,61.72,79.58,92.84,82.44,75.7835
72.66,58.86,87.17,50.66,94.51,69.6785
93.7,82.73,88.04,96.97,89.29,83.123
78.53,49.7,85.8,93.14,51.4,76.19200000000001
93.92,40.78,86.32,87.63,53.27,63.89099999999999
59.79,75.77,52.95,99.13,76.29,72.6035
58.35,96.54,76.71,52.69,56.48,61.665000000000006
78.78,76.56,89.15,82.08,73.05,68.6005
73.17,86.98,54.7,92.47,97.73,75.976
83.01,80.37,50.6,56.33,64.74,58.751000000000005
89.73,69.85,90.73,79.24,74.45,75.19899999999998
87.57,83.1,85.61,69.7,69.21,80.195
97.11,89.45,70.61,71.79,81.49,68.08250000000001
69.91,53.48,97.02,95.63,59.69,81.8005
60.32,60.17,88.33,76.93,63.0,66.5365
77.55,53.42,98.39,54.66,92.94,70.531
55.54,67.13,96.47,96.86,90.57,83.0475
64.44,93.1,74.06,59.26,89.46,75.78299999999999
60.39,60.71,87.74,94.63,88.55,74.94149999999999
69.83,62.47,83.46,98.55,72.97,74.679
55.56,91.62,90.57,93.89,86.44,79.737
51.59,70.92,89.38,83.86,69.36,75.964
82.84,72.13,57.66,87.18,55.04,75.0465
80.51,91.65,61.69,84.99,69.67,78.1925
85.42,69.43,63.29,73.03,57.93,69.9125
83.02,80.89,90.92,63.72,69.54,72.8065
55.71,45.14,90.54,64.25,64.87,73.4165
64.55,50.72,74.77,86.56,79.96,69.83
56.48,64.26,79.04,81.3,68.08,66.188
92.15,69.69,91.35,79.24,85.28,80.90100000000001
87.35,97.94,65.63,82.63,75.61,71.99549999999999
60.08,98.24,52.51,88.74,95.97,72.36149999999999
67.07,91.07,74.13,87.42,54.55,70.741
98.33,58.94,95.69,55.27,84.39,68.92949999999999
79.71,97.84,89.52,68.15,83.62,78.601
90.06,81.36,68.33,63.2,97.53,66.84899999999999
63.23,63.58,53.24,76.91,68.58,70.0765
60.5,82.1,81.85,53.07,65.27,69.9705
89.2,40.99,91.72,88.12,58.62,78.712
84.29,48.77,83.25,55.33,63.26,63.723
84.05,89.78,71.25,63.57,75.09,73.407
77.63,78.73,56.17,89.14,91.89,77.5285
78.18,61.85,95.54,52.58,64.21,60.426
86.78,70.04,63.8,83.01,57.89,65.63550000000001
63.5,94.31,61.21,96.22,63.61,77.8925
67.64,77.89,90.8,80.88,55.05,66.4825
93.58,63.89,99.06,85.63,96.33,76.3245
65.44,47.22,83.01,89.61,93.63,74.533
77.32,57.62,81.24,61.11,65.42,60.014
85.13,98.7,65.97,79.05,62.35,70.1655
100.0,66.24,51.02,65.45,95.27,66.0935
71.76,68.31,59.59,62.47,50.09,64.21000000000001
71.4,69.92,79.22,59.62,80.03,70.85499999999999
92.13,93.05,57.57,79.27,95.8,75.214
90.28,76.24,94.19,89.73,75.43,79.2715
86.55,81.62,59.41,93.79,50.15,70.29650000000001
73.16,63.36,76.11,71.43,60.94,62.9785
66.2,41.75,75.6,68.64,96.12,64.439
80.44,95.86,80.2,84.37,50.85,79.13250000000001
93.81,96.95,66.37,89.02,69.74,79.898
94.19,96.95,93.68,62.67,89.49,82.4845
55.42,96.62,72.22,64.86,91.9,78.69399999999999
71.42,88.91,85.01,76.67,73.88,73.7045
73.24,81.08,81.8,72.22,61.62,70.315
98.88,90.67,55.86,85.29,79.99,72.9805
83.9,76.03,81.13,75.22,63.19,69.4865
70.36,48.06,77.54,55.58,62.76,60.4825
51.3,63.47,94.93,58.3,90.38,76.658
78.27,98.28,94.04,95.1,57.71,89.4915
54.8,61.07,57.55,61.37,50.28,66.047
91.72,92.07,54.08,52.5,66.84,56.0215
87.63,45.59,64.73,86.57,74.55,65.459
73.03,60.05,99.33,84.2,85.25,69.4495
71.46,61.06,51.08,80.0,89.06,65.4745
94.87,43.1,83.64,75.11,83.18,67.9645
64.42,47.15,80.43,98.48,81.33,80.679
62.45,51.59,82.33,55.99,83.29,65.3015
96.96,90.27,60.91,75.51,63.58,78.46549999999999
90.46,43.8,61.34,78.2,69.12,70.88550000000001
91.03,57.92,71.53,51.12,80.82,59.93300000000001
59.76,40.61,54.79,70.6,53.28,65.2205
57.16,81.74,53.73,89.14,64.77,74.29950000000001
51.3,77.22,54.42,73.55,70.32,70.418
61.85,78.7,78.65,93.76,76.67,83.7175
88.71,62.46,69.89,82.24,74.32,65.894
62.0,52.5,64.68,88.3,85.91,76.4805
86.46,83.22,65.79,90.22,73.67,78.79700000000001
62.6,88.67,60.36,84.48,95.21,84.6095
69.76,48.32,70.58,87.47,69.02,76.5705
99.16,69.21,60.15,84.77,76.27,74.822
62.24,54.92,84.9,77.52,50.16,63.97999999999999
68.82,50.09,56.2,78.33,65.52,60.597
65.05,84.06,97.41,59.49,93.33,71.9855
55.48,72.29,54.49,91.37,66.68,65.39850000000001
74.49,52.97,97.17,65.61,62.66,71.785
68.93,58.6,91.66,76.79,77.18,69.1765
84.74,98.0,84.04,62.48,53.94,78.00649999999999
90.88,90.92,95.62,84.79,76.58,86.196
77.21,92.8,56.96,98.76,65.18,73.05250000000001
51.61,67.6,58.82,90.1,69.16,72.669
80.95,77.43,62.61,80.95,89.57,72.0605
52.77,62.61,62.24,78.38,83.1,71.619
80.82,44.66,65.54,74.49,72.31,66.943
84.25,64.06,78.78,60.25,78.88,60.0565
59.89,75.64,51.41,67.4,88.34,73.14150000000001
90.97,57.23,69.11,70.32,87.29,70.5385
95.55,90.88,62.32,97.23,59.27,83.241
90.65,49.07,80.33,71.28,65.05,74.13900000000001
65.26,62.03,99.26,79.31,67.41,71.00999999999999
79.33,47.49,75.88,96.12,59.38,68.142
95.74,64.29,71.28,75.92,50.61,70.765
66.03,42.38,68.41,62.57,58.7,66.36200000000001
91.0,56.35,89.25,69.05,90.41,73.266
50.47,64.04,53.6,68.78,77.3,60.735
50.18,68.69,97.99,85.74,67.08,71.042
87.99,72.62,70.9,64.81,80.42,64.1405
88.07,56.5,65.69,86.51,86.99,69.5855
89.45,71.38,98.7,94.46,67.72,78.4245
96.5,70.54,96.79,66.8,73.3,75.3045
55.9,58.97,82.1,56.77,53.21,62.59
61.6,89.81,50.93,81.93,79.85,64.705
95.19,72.74,87.43,68.04,67.82,70.7095
58.86,59.94,66.78,76.7,71.68,72.661
84.11,96.84,69.41,81.71,71.13,74.1385
76.52,90.71,57.94,70.39,81.62,79.244
54.16,98.96,76.17,96.23,78.62,84.9205
64.26,81.53,87.23,69.98,71.11,68.4365
76.02,62.69,63.65,65.37,50.85,58.257000000000005
92.62,56.85,96.94,94.28,81.05,80.72
85.38,79.8,59.74,56.82,93.98,69.95500000000001
81.09,98.85,53.31,56.21,88.48,68.945
74.8,77.6,82.22,96.78,99.08,86.4675
64.93,92.9,92.47,60.45,56.95,76.998
55.96,59.75,97.66,57.42,61.13,60.3655
70.45,64.42,88.36,76.76,76.96,80.3435
51.43,94.38,59.98,52.34,61.79,67.655
60.55,85.41,98.88,81.0,51.73,75.3015
71.62,98.88,95.97,72.65,70.11,79.006
70.93,86.49,58.16,82.02,64.38,73.079
52.21,66.91,77.94,64.2,63.19,64.504
79.45,71.86,77.78,95.27,97.66,78.443
77.48,94.03,72.13,63.53,61.92,69.125
53.91,73.1,99.21,81.88,56.47,72.8775
97.16,55.32,52.98,97.25,56.27,63.98199999999999
54.97,66.14,81.36,70.04,90.32,65.0865
92.74,70.98,60.27,58.07,85.74,60.91
50.02,45.8,76.37,53.42,56.47,56.821
94.11,84.63,88.99,98.15,60.99,85.7445
50.99,46.56,62.34,88.19,87.37,65.75399999999999
87.89,64.3,69.67,95.95,63.73,72.751
68.08,88.28,97.54,84.94,99.08,80.458
86.91,68.05,88.07,67.12,77.03,74.997
70.09,90.52,78.64,56.15,59.6,59.3065
53.55,60.51,61.1,96.47,92.94,72.104
88.38,97.46,71.27,74.48,65.97,71.3505
53.56,52.57,88.7,69.83,64.44,76.3485
96.11,42.3,91.03,78.89,66.37,73.741
52.55,92.35,62.23,55.33,88.41,61.207
73.97,85.13,83.1,65.46,58.66,68.92599999999999
86.15,53.92,54.75,81.89,69.09,62.824
69.66,99.08,51.16,55.01,51.54,58.673
60.86,70.14,77.43,56.76,91.33,72.84899999999999
87.95,97.06,61.22,75.53,67.04,72.16749999999999
89.21,70.3,53.95,81.17,62.41,70.322
96.13,68.31,86.49,59.35,78.99,67.054
68.81,66.95,74.9,51.65,85.25,63.8275
75.31,60.09,89.81,97.92,90.64,77.7325
68.16,72.02,83.2,51.37,67.39,63.678
62.85,67.15,86.49,50.1,90.62,68.7005
87.55,42.2,65.37,66.17,73.24,56.6505
66.98,55.63,63.16,61.12,55.06,61.983
71.41,52.79,80.04,78.68,92.32,75.953
70.18,92.05,60.0,94.71,77.38,71.216
85.63,75.93,90.77,74.06,80.12,79.5325
95.89,85.82,76.15,88.67,96.87,71.871
83.34,97.41,61.35,95.46,77.96,76.81049999999999
73.58,78.64,81.26,59.47,50.28,67.5415
88.96,98.96,97.25,74.42,93.53,84.4755
82.05,58.71,54.1,82.1,64.24,64.3805
53.03,51.18,55.47,66.59,75.09,66.40100000000001
54.78,64.2,92.19,86.99,60.24,81.24199999999999
51.9,68.25,55.48,85.27,64.85,65.803
72.84,93.72,51.97,71.05,84.33,75.774
91.29,73.6,67.4,54.4,71.48,65.4905
65.65,57.53,73.34,50.58,81.36,68.9755
69.21,84.56,78.47,68.47,91.18,68.381
95.47,70.35,75.37,54.1,67.04,70.787
91.85,49.73,95.66,89.08,78.42,71.41199999999999
83.25,74.61,88.43,66.72,88.88,81.54749999999999
63.34,94.68,99.19,83.3,85.76,83.874
55.85,90.56,73.82,67.32,76.99,72.547
50.8,75.21,54.22,89.8,69.17,68.81899999999999
55.35,62.62,97.78,94.42,70.38,84.6265
64.63,45.22,50.21,91.88,71.66,72.572
77.59,68.18,88.8,74.22,67.44,72.67699999999999
53.2,85.12,51.56,54.2,84.95,65.5495
56.81,61.62,88.06,68.59,56.27,72.79350000000001
59.05,54.13,96.9,71.22,98.37,71.39250000000001
81.6,95.88,69.46,98.01,88.95,77.519
80.79,89.29,62.05,78.27,64.91,80.488
77.54,78.3,61.31,82.04,52.13,69.8665
62.53,48.21,74.59,89.1,85.57,70.757
68.56,48.69,58.54,78.41,86.72,63.4345
54.83,46.19,83.65,79.92,98.18,76.9825
61.32,76.98,68.42,62.27,62.69,64.6425
94.89,46.93,66.16,52.94,54.14,58.2495
98.98,90.56,73.06,86.07,95.76,86.0525
82.38,99.58,77.13,92.43,62.93,75.411
95.84,61.98,57.1,70.6,86.08,72.1875
82.14,67.22,85.39,77.45,53.03,71.5895
51.66,82.7,94.15,65.36,88.03,78.8285
99.84,96.23,63.9,72.51,56.35,67.29249999999999
54.95,93.65,59.02,60.44,84.78,72.00300000000001
84.13,43.46,88.03,87.99,76.62,71.0525
62.64,50.14,59.18,74.6,97.77,60.99499999999999
69.6,85.28,52.06,77.36,51.85,75.9365
82.3,81.33,80.96,51.85,64.6,59.5735
71.82,47.99,61.99,81.12,53.48,69.2985
62.53,70.12,58.59,60.13,93.96,61.339000000000006
66.72,86.85,99.08,69.17,79.7,72.633
67.08,53.13,64.59,70.64,76.75,69.61250000000001
97.97,92.28,95.17,72.44,56.57,71.15650000000001
89.93,43.18,58.91,61.37,74.45,67.02449999999999
72.93,86.93,90.95,92.51,69.94,79.6265
59.99,76.95,75.1,71.39,65.79,70.076
90.55,58.91,53.93,80.61,88.61,71.77250000000001
57.86,83.26,86.68,80.7,53.06,74.732
60.52,86.94,94.6,80.35,82.33,76.719
68.3,96.03,58.15,77.97,91.15,77.3855
94.02,62.07,86.28,91.13,95.37,77.566
56.59,81.16,72.25,90.63,87.3,74.783
56.11,76.16,87.69,70.86,64.12,76.2975
74.7,71.51,85.7,81.79,80.03,79.98150000000001
63.82,93.42,51.33,55.14,57.07,62.1815
78.44,40.19,58.94,54.54,55.85,56.4215
72.58,56.93,73.55,74.0,81.93,70.55
71.75,72.3,96.68,95.01,92.56,83.256
55.6,50.7,67.1,82.5,53.36,68.496
57.05,94.47,81.44,83.46,55.3,85.852
91.05,78.86,50.6,57.88,78.28,56.971
94.29,68.67,85.56,72.67,60.91,74.3215
61.73,88.88,80.15,70.04,80.59,79.97300000000001
55.67,67.05,85.77,89.15,60.73,77.0035
52.67,73.52,95.23,56.89,55.82,74.9365
80.41,40.17,57.32,76.96,77.28,62.09949999999999
85.77,61.94,63.08,95.57,93.11,72.08
68.64,48.33,99.79,94.62,84.26,82.605
83.98,81.38,57.81,92.62,90.94,76.106
85.65,68.74,86.03,68.75,63.32,71.2825
96.77,58.11,86.25,97.06,94.3,76.347
53.24,68.07,84.15,90.27,68.85,80.49149999999999
59.61,52.58,61.37,92.56,92.62,74.5925
53.43,95.51,60.76,96.62,73.56,73.8225
93.4,43.24,83.32,96.85,63.39,75.8855
89.63,91.93,59.31,62.0,63.01,70.507
78.73,70.68,83.08,56.38,78.38,60.19350000000001
54.18,77.14,74.63,84.54,53.95,76.89
63.67,58.16,69.33,78.16,96.5,70.66149999999999
64.89,98.0,65.01,66.37,63.57,65.8595
78.04,56.91,97.38,84.22,66.78,79.2625
62.9,75.33,75.4,53.1,61.67,61.564
53.65,99.61,78.06,52.36,50.15,62.43599999999999
86.54,92.87,97.46,67.72,84.63,75.89099999999999
64.95,72.18,82.69,59.69,79.53,70.733
72.62,99.42,97.89,85.93,90.48,93.316
56.38,82.08,55.32,97.4,52.05,68.785
90.13,52.52,92.33,83.08,96.43,73.267
78.28,64.34,66.77,82.74,66.54,66.2625
95.08,60.07,90.52,50.33,95.65,70.735
74.77,60.64,92.78,75.61,55.36,70.167
97.07,85.63,63.57,90.86,87.2,81.708
94.59,75.06,70.44,82.71,78.97,72.3475
78.82,42.29,86.3,61.39,67.91,70.1165
96.69,92.65,54.95,92.42,53.96,73.4545
66.15,57.81,87.78,98.22,80.24,87.5785
68.28,99.82,55.52,63.95,51.32,59.7755
52.27,97.25,95.72,60.35,75.06,73.7315
79.46,96.43,63.82,66.93,80.21,74.5
86.1,88.67,78.78,53.16,86.63,72.566
88.68,53.24,55.86,93.67,99.57,67.6905
57.49,71.96,63.47,96.46,63.0,83.9125
72.21,53.46,70.2,81.67,66.12,67.402
58.84,55.58,74.35,88.22,67.06,66.9215
83.11,76.66,50.0,83.43,86.58,71.476
57.9,42.45,94.43,68.87,96.59,71.51950000000001
95.21,98.17,50.38,81.6,98.72,79.6545
61.53,95.12,88.68,91.82,97.29,81.77999999999999
64.57,62.85,73.53,90.5,93.97,77.95400000000001
92.55,70.93,76.19,54.05,99.55,70.003
72.92,67.97,60.41,73.13,68.8,65.716
51.2,92.93,80.37,69.87,97.42,84.24050000000001
74.73,81.32,76.86,87.6,88.05,84.722
54.23,56.69,58.21,75.07,58.42,62.443
99.27,66.81,61.91,67.49,52.27,56.68449999999999
79.41,65.74,53.35,85.32,60.72,74.4965
62.83,97.56,53.31,73.68,88.94,66.5835
78.19,50.52,50.69,62.83,81.58,57.116
53.84,45.37,61.02,94.52,61.22,67.4315
89.99,92.84,83.98,55.65,87.1,67.0555
96.27,93.8,65.81,50.9,57.07,71.201
93.72,92.3,67.14,57.2,91.09,69.94749999999999
67.09,70.66,56.6,58.18,89.71,70.7265
66.29,79.58,78.77,76.9,98.63,74.60300000000001
51.75,73.8,67.11,81.24,57.51,71.02449999999999
82.57,44.17,83.82,72.43,95.33,79.598
76.75,75.75,87.07,60.21,67.06,71.9045
72.97,40.82,79.23,56.61,70.8,67.5805
95.38,59.5,63.8,74.61,73.42,63.13
58.39,95.94,75.43,78.27,81.35,79.6365
50.48,58.24,62.6,65.2,99.74,66.2875
53.67,96.39,95.15,61.02,80.0,76.9795
61.17,55.01,88.32,54.03,96.34,66.715
51.66,58.87,74.65,51.31,62.75,65.771
75.14,77.7,98.27,55.29,69.92,74.357
65.7,85.7,77.34,87.1,75.22,79.63799999999999
59.02,70.08,66.43,67.2,66.15,59.03150000000001
87.5,92.93,54.77,51.37,98.84,66.275
60.22,42.41,77.19,75.41,86.28,70.256
84.38,95.33,93.02,76.8,73.94,75.59649999999999
67.46,51.78,93.34,71.43,87.57,70.559
75.59,93.05,80.23,55.53,73.37,65.15549999999999
96.69,64.05,69.67,87.75,50.86,69.929
51.87,89.97,82.51,84.45,77.16,84.32050000000001
75.01,80.3,88.11,69.74,81.26,73.3745
92.72,50.56,70.58,69.04,99.06,68.1115
79.4,95.08,73.81,57.8,52.04,70.415
63.84,54.73,84.03,87.68,75.6,68.1105
69.88,54.65,93.83,79.98,54.91,79.11949999999999
84.01,88.85,89.55,54.29,57.45,69.5095
94.54,46.35,51.12,68.9,80.52,71.225
52.05,53.32,56.22,95.18,61.58,66.298
53.58,70.22,92.64,72.62,87.46,69.321
66.25,89.83,91.69,66.25,75.71,70.34649999999999
61.64,48.85,69.44,82.19,60.91,66.594
63.25,72.86,79.21,60.15,74.69,71.12700000000001
61.06,82.67,95.29,76.19,50.04,65.70249999999999
59.79,91.64,95.58,83.48,93.14,82.07350000000001
56.53,96.13,89.15,92.74,50.63,73.552
96.7,87.08,60.48,84.63,50.35,77.28049999999999
57.21,79.17,86.51,69.22,80.58,77.3185
60.22,66.02,55.05,88.39,98.68,73.8905
62.31,46.73,94.7,94.92,92.8,76.3155
96.65,82.58,57.46,73.89,62.6,72.32549999999999
87.79,99.56,83.12,50.23,59.83,65.479
89.48,84.21,80.51,94.05,81.31,76.129
55.24,41.0,88.84,58.27,91.13,66.83
91.82,69.78,77.58,56.32,68.1,71.2925
70.41,76.88,52.98,65.38,71.62,72.97999999999999
63.14,81.38,85.29,69.0,55.77,74.385
78.79,83.18,69.16,89.97,57.64,74.6035
91.11,73.49,66.01,69.46,78.42,78.975
88.93,53.4,99.58,52.44,55.13,65.032
94.5,96.53,79.52,81.8,60.1,73.97999999999999
96.41,81.8,85.54,83.56,61.73,83.1995
61.91,54.21,76.32,90.71,72.2,70.125
71.19,59.34,88.5,69.94,52.28,59.9885
50.73,95.32,87.6,54.3,74.99,72.7345
93.97,93.25,82.86,77.65,96.43,74.717
57.73,64.31,99.89,56.05,51.22,64.9395
93.07,42.3,72.99,50.85,81.55,58.466
66.47,42.91,85.31,88.93,91.79,77.9485
68.41,57.04,89.89,70.17,65.62,75.7175
51.96,77.75,68.8,76.25,56.58,65.0955
66.34,75.05,72.86,83.14,52.17,69.758
94.42,78.03,98.46,70.05,82.2,72.166
51.28,83.04,51.61,52.56,77.61,65.3815
70.32,41.14,66.76,62.64,61.46,65.44800000000001
51.57,46.31,74.31,59.72,91.58,67.277
68.55,61.57,50.07,98.87,86.78,72.6875
58.63,49.29,94.96,86.98,63.82,74.291
62.61,44.52,64.31,72.58,87.67,68.893
93.88,78.46,62.89,53.17,62.25,59.68600000000001
71.8,88.92,91.02,55.79,83.76,69.354
63.69,85.16,63.9,90.64,55.93,73.29650000000001
79.47,89.02,82.88,97.27,84.61,91.71699999999998
57.11,79.95,91.08,51.57,61.94,71.2495
62.97,84.12,89.62,95.52,78.62,84.634
77.31,56.31,89.1,69.03,58.62,75.23
61.88,99.58,54.43,60.68,86.3,75.373
83.96,50.99,53.99,55.11,53.04,61.509
74.57,52.87,65.34,88.59,58.27,63.18299999999999
88.6,57.34,51.8,73.45,59.21,64.202
97.41,98.52,75.02,91.62,52.07,83.3065
55.79,99.3,69.74,61.31,87.25,76.204
66.73,87.69,77.85,83.93,99.05,75.95750000000001
65.98,77.74,64.94,55.91,88.92,65.2745
57.56,71.2,74.29,54.49,93.03,67.191
90.52,98.24,66.74,56.67,50.3,61.003
87.99,81.74,59.76,90.45,55.89,69.4665
74.22,96.68,82.47,82.78,77.95,80.029
76.89,58.99,83.67,58.3,98.89,73.3955
52.98,60.03,91.46,69.24,83.04,73.4145
77.78,91.28,93.74,88.18,68.71,85.13550000000001
89.57,48.99,85.22,64.28,57.31,71.7715
78.69,96.76,84.37,96.06,57.64,82.399
63.27,70.45,52.83,95.73,68.14,69.685
83.38,95.58,55.49,77.65,85.69,68.0895
68.07,60.21,90.63,81.6,51.59,77.70249999999999
77.24,82.96,61.65,82.66,92.61,70.07300000000001
74.38,68.97,67.78,62.92,97.08,72.959
69.06,77.61,57.26,68.27,94.44,70.463
85.94,70.26,59.76,56.8,95.65,70.53049999999999
94.19,98.03,88.77,96.24,50.77,80.61399999999999
50.26,81.53,63.09,86.19,98.89,80.654
96.68,55.08,72.45,52.32,68.32,58.5825
75.58,94.58,57.58,77.47,93.46,74.1685
85.04,57.64,83.9,67.15,59.34,70.7975
92.78,62.3,86.41,90.76,72.33,83.7275
73.36,46.13,68.08,67.19,52.21,64.332
91.75,94.0,89.24,82.21,52.0,82.799
58.88,57.17,62.0,58.29,97.16,66.901
57.96,55.54,84.6,77.94,90.53,79.6685
82.87,95.22,86.5,64.69,76.49,71.449
93.51,88.33,98.43,58.24,76.27,69.0005
94.62,48.46,61.62,80.96,87.44,64.19399999999999
82.19,86.16,54.69,81.93,67.08,78.7695
76.27,94.78,63.15,99.17,88.09,87.02449999999999
66.57,44.71,56.14,83.46,74.25,72.8655
99.0,89.51,58.48,75.79,81.9,69.60050000000001
65.98,72.85,66.71,95.63,98.24,75.57449999999999
87.21,80.15,70.7,91.41,73.57,83.5625
76.6,69.57,95.19,77.44,70.92,68.5955
80.43,81.87,59.78,75.57,95.29,79.935
69.67,42.05,98.59,97.1,95.13,79.60149999999999
98.24,85.76,90.51,80.86,99.62,81.798
78.58,42.0,94.07,85.69,77.54,78.4865
96.89,67.32,96.47,54.33,67.21,63.898500000000006
50.38,49.06,87.66,85.92,62.02,69.2735
78.63,89.41,89.44,63.23,51.7,75.2815
85.86,58.82,71.89,55.78,86.34,69.2995
87.25,67.25,75.52,92.48,61.67,77.5415
95.25,65.73,96.62,84.56,80.33,79.376
50.22,86.35,68.91,70.38,95.83,69.5135
50.02,68.87,52.1,71.57,97.51,66.375
73.61,87.34,88.14,59.86,50.22,67.18700000000001
51.46,44.41,78.66,50.48,65.85,59.597
98.73,51.5,90.74,67.47,91.87,71.1465
61.1,73.09,53.78,57.42,76.82,70.186
73.63,96.83,81.06,71.09,90.38,69.9885
53.06,44.49,62.39,91.69,92.67,76.2285
76.1,42.59,95.16,55.74,72.13,58.41
69.0,49.39,55.5,54.59,67.95,53.2955
52.23,78.47,92.15,95.11,72.77,80.76299999999999
66.76,63.94,54.43,87.26,82.64,77.5525
69.57,89.53,51.25,52.65,68.36,58.318
99.5,44.32,61.75,53.98,88.75,64.2795
60.39,51.78,66.65,84.25,95.2,74.42699999999999
77.24,58.0,81.33,68.52,64.12,61.74999999999999
99.37,77.6,56.59,86.21,98.25,77.3265
89.6,81.11,71.87,70.22,81.14,76.867
99.67,47.45,60.21,98.39,93.91,75.4045
98.41,96.63,92.77,84.72,55.2,72.18599999999999
74.48,60.46,52.25,52.33,62.57,61.37499999999999
84.82,82.79,67.8,66.53,66.05,72.75500000000001
55.52,71.45,81.57,78.18,65.14,66.941
72.06,53.37,95.65,57.09,58.59,57.774
90.45,90.77,93.4,50.13,93.41,69.213
75.27,89.09,94.76,53.97,70.93,64.4415
85.13,63.76,53.14,76.21,98.16,66.2915
87.29,75.32,92.05,81.61,79.17,76.808
62.67,55.47,89.0,54.65,56.92,64.2875
93.78,81.39,95.12,83.26,77.3,82.8895
72.99,58.54,65.58,80.86,99.68,75.5115
60.51,90.64,95.59,96.99,78.26,89.81
93.27,53.04,70.13,92.03,50.09,69.3885
70.89,40.89,81.7,97.16,96.65,73.22399999999999
87.52,56.11,71.21,98.31,61.74,74.66499999999999
77.4,51.46,71.38,72.04,84.43,74.581
69.09,70.5,77.33,74.4,75.75,66.182
90.49,52.22,67.8,64.08,66.27,59.03150000000001
79.22,85.79,89.64,75.42,64.13,74.436
69.53,54.48,81.68,57.54,96.44,65.3175
55.48,82.42,84.49,83.57,95.6,77.1225
94.77,74.71,61.55,51.25,75.66,60.2675
51.77,99.17,98.48,61.78,62.92,72.471
93.16,99.99,83.01,60.4,55.12,73.542
68.0,92.17,59.86,96.89,57.83,76.7695
81.97,85.6,87.52,57.25,76.11,74.1615
96.11,63.19,58.69,94.54,65.39,71.348
57.59,85.2,53.17,56.22,52.1,64.00649999999999
78.35,97.4,76.38,82.53,72.76,76.75450000000001
88.22,41.4,77.68,65.99,87.31,68.94749999999999
87.88,72.27,59.45,65.8,94.58,63.47099999999999
76.28,53.08,67.42,99.91,79.26,72.979
81.24,73.47,97.29,61.3,86.16,76.17999999999999
87.88,67.99,64.25,60.13,68.2,60.475
92.05,74.55,57.78,79.47,74.81,66.134
88.09,73.06,99.63,87.04,86.48,77.326
67.7,97.61,65.12,99.13,86.38,78.12899999999999
99.84,73.13,84.01,85.07,71.23,71.9925
71.73,90.77,61.58,78.09,77.18,83.2625
51.22,59.19,77.51,70.46,96.19,71.1695
68.13,66.29,69.31,79.76,81.6,69.4005
56.39,68.22,98.08,80.04,82.13,81.4675
56.07,56.72,71.64,60.89,89.23,70.9065
64.08,62.79,79.21,83.56,55.76,76.3815
52.67,75.91,97.24,60.22,76.14,75.985
84.43,74.81,99.46,74.5,97.97,82.0625
53.7,78.19,55.08,62.99,68.08,71.71549999999999
60.16,61.11,91.72,65.64,64.75,66.349
54.64,58.95,69.11,80.69,80.06,72.467
53.16,76.7,79.74,53.22,61.06,73.6305
63.39,47.97,68.75,50.6,77.8,64.8055
78.59,55.18,70.06,56.53,57.78,67.7705
98.23,42.53,57.94,58.44,78.99,54.5515
93.78,44.36,78.64,59.89,80.12,63.809
93.8,54.6,77.34,88.7,70.92,81.048
58.8,41.17,59.47,72.34,69.14,61.2745
63.25,54.72,77.09,73.5,62.27,69.97099999999999
53.82,79.3,98.66,82.22,66.55,68.745
88.92,43.67,85.72,86.46,74.92,73.791
53.49,66.2,74.05,50.18,62.38,70.8545
77.83,94.79,95.8,92.84,89.14,82.4945
62.39,87.48,78.77,99.42,85.45,74.0135
62.17,58.33,56.75,56.09,63.47,53.9735
99.54,95.49,77.38,82.55,54.87,79.9375
87.84,59.78,59.05,50.12,50.01,59.04899999999999
91.85,44.35,88.38,52.45,79.84,58.3385
78.6,99.64,98.36,64.25,60.57,68.80699999999999
93.55,92.2,68.04,92.32,50.63,79.0725
82.27,67.96,71.75,82.63,67.95,76.988
97.31,79.98,71.07,72.29,98.1,68.142
64.07,80.27,64.26,71.93,84.5,68.96600000000001
79.77,51.67,89.71,73.3,92.89,77.87599999999999
84.51,52.0,80.89,65.55,57.24,64.61749999999999
69.65,68.17,53.2,93.89,53.66,78.2535
93.99,94.69,91.94,78.39,50.58,77.7495
98.99,40.6,59.35,74.2,97.78,71.8005
74.69,86.95,98.96,73.25,65.01,78.46499999999999
69.53,43.45,68.83,96.79,72.98,79.712
73.6,68.69,80.82,86.18,69.73,73.8385
92.64,78.27,53.89,57.24,86.52,61.7405
82.27,81.21,67.23,71.85,65.5,69.61599999999999
52.24,43.51,90.12,64.42,76.77,74.04
77.11,65.12,73.86,99.34,99.78,79.65700000000001
50.87,75.03,95.23,70.77,72.2,70.11999999999999
88.93,43.96,78.76,53.39,77.56,62.241
66.42,48.11,96.43,70.56,75.13,63.7995
73.6,79.82,99.13,66.07,90.16,70.5145
89.93,71.3,72.69,79.98,63.34,67.4665
52.32,49.71,78.26,61.3,58.52,63.4175
57.93,72.11,91.75,51.8,87.7,74.059
69.9,94.76,61.08,54.79,70.78,69.721
61.5,40.94,93.08,64.16,95.69,74.12
66.9,78.56,79.6,67.42,82.21,70.54849999999999
99.91,44.42,86.28,91.72,78.22,79.02550000000001
91.27,40.39,53.99,63.5,53.52,51.319
94.2,49.04,88.31,51.57,86.52,58.068
96.85,65.37,65.54,89.04,84.3,67.646
67.05,88.14,90.26,93.45,82.0,82.5925
64.85,56.91,75.46,74.62,63.4,63.7915
61.7,77.54,63.73,64.25,97.34,68.7495
91.51,64.67,97.64,88.61,66.08,79.335
83.98,54.06,88.25,50.44,57.61,59.837
61.81,70.85,99.28,96.2,99.36,85.6355
68.85,87.85,68.22,93.28,87.31,76.9255
75.34,89.95,82.46,77.24,70.74,69.42749999999998
76.41,90.79,80.58,63.88,96.8,69.6095
94.44,60.31,84.38,51.64,54.56,57.559
69.03,87.61,51.92,99.99,54.38,70.6545
95.43,52.73,64.59,88.1,84.12,72.205
72.07,84.31,95.47,66.94,58.9,78.984
87.32,96.9,71.19,50.96,95.86,70.1225
96.51,40.82,98.03,81.96,92.02,72.29499999999999
95.38,66.42,60.68,99.35,65.32,80.1745
52.85,78.87,99.87,85.35,94.44,77.41499999999999
60.29,82.11,84.88,54.19,52.14,62.777
73.85,50.57,88.82,70.11,77.43,67.252
71.58,98.33,69.84,55.46,96.78,74.499
82.04,76.92,95.35,95.61,92.77,86.0555
97.24,49.86,77.27,66.52,67.8,68.423
55.62,41.23,84.05,86.67,59.14,62.6545
72.59,87.0,54.74,54.23,60.53,61.2055
59.62,44.78,81.58,56.42,75.73,61.0305
94.71,48.46,93.95,83.97,79.84,76.254
98.23,74.49,58.91,92.17,51.64,78.735
73.94,76.21,86.89,60.07,70.68,65.309
55.2,81.21,51.27,70.92,91.52,63.0525
89.26,63.61,96.31,80.97,72.22,71.8335
84.86,86.43,99.15,89.81,58.46,76.67600000000002
67.73,98.46,67.71,81.41,97.74,77.05
94.37,56.27,55.35,54.77,63.31,61.52250000000001
98.79,82.18,82.93,77.14,89.92,84.51050000000001
77.89,95.71,51.49,94.23,59.69,75.798
78.29,81.18,74.12,93.4,71.16,73.891
64.88,80.87,63.59,79.25,74.52,70.02850000000001
79.23,53.43,73.67,99.78,75.03,71.607
71.98,72.11,50.91,55.26,75.82,58.26299999999999
65.11,73.75,52.58,73.93,61.25,71.3135
53.36,82.01,50.8,88.76,75.8,66.6245
62.64,99.81,80.96,57.05,74.09,77.7545
59.89,42.02,78.0,98.64,60.44,71.84899999999999
77.1,43.91,61.66,67.7,99.41,67.84150000000001
80.08,44.68,82.33,67.51,93.28,65.44
80.43,84.58,94.21,60.66,94.38,76.75450000000001
69.41,48.18,63.87,64.4,84.28,66.22800000000001
71.06,77.35,91.6,78.88,57.99,72.5705
91.71,59.48,83.13,71.47,78.4,65.13499999999999
73.81,67.44,51.69,59.67,91.07,72.7625
99.39,52.94,68.76,90.46,51.94,66.232
71.98,91.97,75.39,53.11,74.79,67.826
82.48,75.17,86.58,91.73,69.81,76.5675
52.52,96.67,64.36,63.75,60.61,61.823
82.67,74.48,99.14,74.8,68.91,68.744
92.57,47.43,84.23,69.05,99.17,64.27850000000001
97.12,50.25,68.64,78.53,86.16,70.8985
99.87,99.34,54.85,89.8,64.98,74.04650000000001
64.11,83.53,59.07,99.47,80.27,85.973
78.77,42.96,74.38,65.3,62.33,66.06899999999999
72.54,82.23,74.73,77.69,80.54,72.105
78.19,64.73,88.39,73.3,94.81,75.62899999999999
57.87,58.43,86.31,99.95,77.84,83.9575
92.81,49.24,60.06,90.45,86.67,72.47200000000001
95.48,90.39,79.75,69.85,72.67,74.118
72.48,43.83,51.03,73.84,76.21,67.64699999999999
64.02,57.39,69.93,62.3,84.75,61.5205
57.04,58.38,88.21,87.76,90.62,78.566
84.19,49.65,69.98,92.26,82.97,70.5445
65.61,70.49,91.78,98.25,98.87,82.535
95.48,40.7,98.81,78.29,90.99,69.4325
83.55,58.06,80.36,83.53,88.86,80.4355
82.28,96.02,57.25,72.3,92.26,74.839
77.97,58.63,68.98,80.46,64.06,70.0255
52.29,61.63,50.47,67.44,71.6,66.952
96.6,68.39,80.14,86.88,78.22,81.9455
81.4,73.7,91.08,51.14,73.12,73.34100000000001
99.7,88.52,81.5,51.42,92.37,64.1785
76.87,51.42,89.3,85.81,51.35,76.9435
85.51,92.3,90.0,96.53,60.46,83.78750000000001
52.81,85.45,92.55,81.61,94.09,80.1395
81.59,83.36,63.33,86.33,52.96,80.8885
88.23,45.21,93.56,91.2,61.35,69.30799999999999
88.93,41.3,82.7,68.08,67.56,62.895
88.51,75.64,64.49,55.41,87.54,66.469
61.31,91.79,99.36,96.65,78.01,89.79100000000001
98.77,75.07,97.51,96.93,97.73,81.7165
99.76,52.79,78.72,72.09,61.39,71.45
53.78,45.43,92.16,60.86,93.61,66.265
96.82,81.98,63.07,94.62,64.15,79.0635
64.47,83.31,70.8,85.42,62.27,81.2945
84.46,50.35,59.2,50.41,74.92,54.455000000000005
66.91,41.69,76.01,55.39,53.56,61.74300000000001
98.39,64.5,74.8,99.16,69.22,84.26749999999998
55.08,74.96,60.64,51.91,67.78,60.7885
74.89,82.36,83.64,64.13,58.01,69.5325
71.4,88.6,55.89,77.42,93.04,65.186
66.3,76.63,53.08,59.22,69.29,68.054
82.28,46.65,69.25,61.6,99.1,61.385000000000005
56.55,80.95,70.49,67.65,94.99,67.88
85.83,99.05,65.99,63.48,59.74,66.11399999999999
99.03,94.34,62.9,90.17,75.26,76.078
90.23,92.3,66.94,75.01,80.09,79.8655
93.0,58.13,58.17,63.93,90.95,71.1065
67.98,85.05,70.17,65.65,94.28,68.3135
66.24,91.07,95.23,51.99,81.2,72.7295
75.85,80.7,61.22,52.47,51.76,66.36500000000001
52.29,55.03,84.22,85.9,74.06,70.5135
97.27,97.23,57.09,55.65,94.24,64.87700000000001
57.19,67.05,67.7,73.79,85.7,76.86449999999999
95.15,47.79,66.06,92.12,93.51,77.492
54.18,46.59,96.85,68.42,83.7,73.11949999999999
91.13,78.85,71.4,67.29,52.2,62.017
57.6,66.26,84.52,93.65,98.4,83.9695
51.91,45.67,80.12,93.24,95.9,76.7855
85.97,84.42,57.05,94.01,56.33,78.029
64.01,87.96,96.98,78.6,55.63,84.44149999999999
85.72,83.52,67.29,97.62,76.95,86.255
77.75,52.14,52.24,90.95,87.85,78.3745
55.44,81.39,65.02,70.78,69.11,61.3015
96.61,40.64,66.78,81.48,56.82,71.709
72.62,58.31,54.64,56.09,75.53,53.35249999999999
86.72,63.93,81.0,77.57,66.88,77.536
75.05,90.11,67.34,63.16,67.59,67.767
80.22,63.42,81.46,64.18,82.25,72.186
65.14,40.68,50.34,56.29,94.28,55.258
60.02,61.14,99.1,67.91,77.93,78.6295
77.13,69.94,58.53,74.07,84.38,65.4645
72.01,96.94,82.97,80.02,83.0,76.8875
69.51,96.46,85.79,65.24,77.56,78.023
83.63,50.85,58.58,89.61,65.54,72.5215
84.53,51.11,55.59,76.05,68.89,60.769
52.3,49.8,57.63,81.9,65.79,65.3735
66.94,87.34,62.34,63.91,95.87,62.837
70.59,40.36,58.41,90.71,91.33,75.984
54.84,47.63,83.7,81.21,78.97,78.4245
61.8,72.28,71.04,93.12,95.61,82.28
52.58,54.85,76.89,58.0,94.32,63.898
99.81,45.54,52.37,69.03,96.38,64.57600000000001
86.83,61.59,93.06,55.65,61.09,74.75649999999999
54.37,56.45,58.53,60.78,85.88,61.609
51.01,70.67,68.01,69.73,80.46,71.5295
85.96,98.75,53.6,94.73,86.69,77.968
71.96,47.46,56.84,77.85,63.17,70.17699999999999
89.34,62.36,83.29,66.52,84.74,77.47250000000001
96.17,95.92,84.63,87.34,70.49,77.20100000000001
79.97,92.61,83.85,50.98,91.7,72.32300000000001
59.36,63.66,77.61,68.5,89.77,70.6725
89.11,81.94,97.63,80.04,60.57,73.93700000000001
97.79,45.27,75.36,79.16,59.19,62.1015
79.01,82.75,72.47,80.38,85.89,77.961
84.1,98.37,62.38,60.58,77.52,63.0435
66.87,72.25,54.94,66.85,77.86,69.747
69.08,69.91,77.41,96.58,87.63,71.85999999999999
86.73,51.24,65.74,98.7,92.75,70.7345
96.39,78.03,76.2,65.6,61.95,65.57199999999999
81.45,75.43,60.31,82.23,77.78,66.4205
89.49,79.12,91.91,62.06,91.45,75.21249999999999
58.58,41.56,99.98,68.43,93.64,71.354
60.6,72.92,66.12,89.62,64.37,79.26650000000001
76.6,75.7,92.12,75.06,55.21,80.397
58.83,52.45,93.65,92.48,61.64,81.4555
81.75,52.5,99.8,81.44,97.27,73.5915
64.58,56.57,67.14,81.45,73.12,79.101
89.58,82.7,87.8,51.69,70.93,64.3775
90.41,76.38,61.44,87.48,50.65,69.23949999999999
73.19,90.75,81.24,98.89,52.55,77.918
59.04,57.74,85.24,73.65,83.43,70.73750000000001
82.34,94.72,87.06,57.93,79.49,79.05
99.64,84.62,60.36,98.85,78.78,76.3925
81.13,63.7,92.44,64.51,55.52,69.571
51.79,45.72,71.05,70.46,67.6,63.16349999999999
50.86,55.42,60.82,53.87,90.62,69.264
66.02,97.41,77.13,55.54,58.75,73.9805
59.79,58.62,93.17,60.83,94.13,68.67549999999999
90.65,59.79,98.35,77.42,56.07,74.3765
92.24,51.38,87.41,77.89,58.46,72.924
62.93,88.41,50.28,80.31,73.89,75.148
66.28,56.54,56.74,79.19,97.26,73.41499999999999
61.81,59.82,53.81,74.76,66.48,68.158
95.42,64.86,55.06,90.1,82.91,64.8615
75.13,66.02,69.15,96.69,79.43,77.4805
82.81,64.68,66.92,63.49,57.48,62.23249999999999
70.77,70.22,55.68,56.51,62.41,61.56150000000001
81.55,88.87,94.11,71.25,96.51,84.053
69.29,89.16,80.77,51.32,59.24,61.872
66.98,87.9,89.82,94.17,84.75,80.629
81.72,46.07,68.58,61.99,98.23,58.9075
79.55,87.98,70.51,77.46,55.98,63.94449999999999
64.68,47.22,65.88,55.75,69.96,59.071
57.47,47.48,71.92,77.66,61.2,74.4555
68.43,96.87,80.52,51.95,61.08,65.619
70.76,89.16,74.65,88.44,55.95,79.4785
81.43,73.14,91.9,97.77,82.48,74.64500000000001
95.73,92.5,95.01,65.35,87.32,75.776
51.81,99.36,73.48,62.91,83.84,79.8355
62.18,76.64,61.99,72.4,96.23,68.325
59.69,76.77,97.26,81.0,57.28,82.2225
75.11,85.27,86.75,59.45,65.99,78.3595
71.49,53.93,82.01,90.17,67.23,77.8375
86.45,50.03,87.27,59.93,61.6,63.664
62.12,85.57,53.8,50.27,57.11,64.285
79.72,60.69,53.38,76.21,74.34,72.58
94.19,48.1,57.66,55.76,91.72,57.70399999999999
95.53,58.89,57.37,84.91,97.73,70.0425
97.94,61.52,71.03,58.37,56.47,62.828
88.66,97.91,57.87,90.87,91.16,76.589
95.3,81.88,92.73,73.52,91.23,84.833
61.73,71.85,78.9,78.31,69.45,74.2105
59.88,98.13,68.41,59.33,55.5,66.32499999999999
50.32,94.19,53.48,57.33,99.5,68.86699999999999
85.34,70.72,79.55,81.56,82.78,71.44149999999999
96.87,94.34,55.83,62.77,99.11,67.705
59.35,64.26,87.16,69.3,74.18,72.67099999999999
81.85,53.83,90.14,73.97,69.76,67.1425
87.32,53.96,77.2,61.48,62.36,61.109
96.38,79.74,57.48,89.77,99.18,72.857
82.34,70.06,89.34,96.97,62.66,82.0345
98.51,79.54,65.39,71.59,51.19,71.5405
67.23,81.16,61.13,95.88,75.62,84.7945
67.5,41.34,73.53,94.13,68.85,66.61699999999999
77.15,43.24,96.13,58.3,63.07,67.9025
69.18,71.96,64.87,58.67,81.73,70.52099999999999
50.07,51.46,95.28,73.87,68.21,71.923
86.59,77.95,52.68,76.29,70.11,76.95000000000002
87.59,73.13,54.18,67.06,51.15,69.86949999999999
87.35,75.15,84.93,65.65,79.45,66.1795
67.25,58.15,59.53,71.57,56.1,59.79299999999999
76.11,78.39,65.83,84.52,60.69,69.1705
68.0,89.77,56.82,54.22,85.86,64.26050000000001
50.8,99.88,66.61,85.53,65.66,84.59100000000001
78.12,90.31,64.02,96.31,58.16,86.001
56.19,73.45,86.82,88.18,78.87,73.064
54.0,51.61,85.1,59.58,60.75,68.2555
87.77,80.89,97.75,54.37,63.55,71.7145
50.48,96.26,86.22,74.52,81.07,74.74249999999999
97.95,52.71,84.74,97.82,86.99,82.0975
75.76,55.36,84.71,90.95,86.98,82.8135
99.15,48.94,94.15,78.14,74.11,69.85150000000002
52.9,84.2,64.81,57.15,72.71,60.4575
79.18,64.39,65.0,85.69,89.38,66.0185
67.47,43.76,87.06,90.65,59.65,69.4355
92.17,92.5,61.44,96.75,57.61,76.237
68.06,73.46,95.6,80.61,83.23,74.8725
63.02,59.87,76.74,75.72,70.48,72.5755
92.88,60.64,65.01,80.96,85.5,74.523
68.73,57.42,88.8,97.16,62.83,74.72149999999999
50.84,67.33,65.62,81.41,66.24,66.1795
69.51,60.22,98.16,62.88,94.83,75.73649999999999
82.73,72.88,99.15,81.81,71.08,82.298
62.72,86.41,83.34,93.99,79.55,76.957
71.6,80.47,55.68,78.35,55.33,65.5455
52.84,57.67,63.16,75.13,58.94,69.13999999999999
79.4,71.72,75.77,86.67,51.79,65.9985
87.81,90.41,92.57,83.05,71.22,78.2615
70.67,44.09,59.24,52.83,99.45,60.2135
71.01,44.7,55.22,86.27,93.69,64.49799999999999
54.41,73.37,53.72,70.38,81.65,62.565
60.1,78.35,75.35,97.04,93.05,80.61449999999999
57.73,52.68,94.24,98.54,79.71,82.3985
74.08,84.71,52.12,72.44,68.44,74.858
76.46,78.78,60.62,98.44,58.68,85.9425
97.45,95.4,84.66,65.54,82.65,66.251
53.66,50.14,91.29,84.13,59.65,66.5135
79.99,85.08,90.37,53.75,70.87,71.77450000000002
76.32,45.02,89.25,57.25,91.29,66.7895
75.81,73.92,56.49,93.23,56.46,68.29650000000001
93.66,73.11,69.86,94.69,56.45,70.97250000000001
60.28,63.3,99.24,76.63,61.22,72.3445
52.04,90.67,99.44,66.99,77.6,72.87349999999999
83.61,40.26,80.12,72.55,62.59,60.563500000000005
67.26,71.21,85.46,93.48,75.16,87.32799999999999
50.88,53.03,97.56,60.55,65.1,59.6485
62.57,84.61,72.5,64.74,75.31,75.692
65.47,42.58,56.84,89.27,63.88,73.86449999999999
80.84,89.89,83.45,96.76,99.0,81.3265
58.63,90.29,98.01,54.65,74.64,77.2115
70.65,89.97,84.86,90.19,87.18,82.407
74.12,49.15,90.17,82.25,85.03,69.896
72.96,77.82,71.14,61.54,74.53,67.04400000000001
98.7,40.86,54.82,87.79,61.94,65.79050000000001
52.28,90.88,58.44,86.4,75.54,75.9595
97.55,83.38,99.13,57.1,84.05,71.934
79.1,71.87,74.66,75.11,73.0,73.18249999999999
89.79,83.84,50.6,87.91,54.1,72.1265
71.52,45.66,97.77,59.58,50.9,62.9435
72.69,71.72,74.89,73.14,66.39,70.6675
93.97,57.48,91.81,56.04,57.51,66.6215
94.8,98.36,77.42,65.34,95.31,83.81
61.93,91.43,55.09,60.9,58.79,67.5795
59.96,84.0,80.78,75.25,69.71,79.428
74.81,96.02,99.87,57.06,85.6,76.25399999999999
95.01,60.81,51.74,69.16,90.77,70.8425
66.12,94.05,92.09,63.76,73.89,73.57300000000001
82.6,59.51,61.77,87.3,59.06,61.5655
85.41,83.97,69.69,84.98,63.54,84.142
88.93,84.19,68.64,54.75,70.95,61.0445
78.2,41.1,94.94,97.67,68.23,73.9825
70.12,61.66,75.22,87.23,67.43,68.0065
98.35,41.17,72.36,80.8,56.59,60.2985
80.57,99.83,90.9,73.89,95.67,82.29599999999999
86.43,47.33,52.45,58.9,51.49,54.306
67.25,72.57,54.32,98.1,72.0,77.95100000000001
83.5,87.43,51.08,50.39,99.02,62.858
62.89,52.08,84.4,84.62,82.99,69.3995
62.25,69.1,76.28,75.37,67.77,65.6825
85.74,76.45,93.8,95.13,57.3,83.754
76.07,49.61,74.93,69.03,98.19,72.039
84.16,86.71,61.09,75.93,50.7,70.17399999999999
63.47,57.96,90.26,87.12,84.07,76.9335
79.94,52.66,64.72,52.38,94.01,68.14450000000001
72.2,73.5,96.78,52.72,51.26,59.3115
79.85,64.62,62.52,60.58,86.26,66.041
64.54,95.22,58.39,57.32,99.94,68.899
85.77,92.8,74.67,50.32,81.98,62.492
90.3,69.0,52.53,81.15,70.73,66.44500000000001
63.0,61.56,51.82,89.8,93.72,68.4965
65.03,59.53,74.8,97.86,77.71,80.70349999999999
83.06,56.05,60.76,72.05,87.47,70.80099999999999
84.78,72.67,50.47,63.99,79.39,68.997
85.2,88.3,64.8,93.2,51.91,75.80850000000001
84.13,58.65,73.87,92.22,60.66,73.0475
69.64,51.41,69.71,81.24,53.94,70.67649999999999
69.74,68.53,56.77,63.66,55.33,71.066
62.74,44.14,78.98,95.43,50.77,64.0465
57.84,82.08,85.52,58.92,71.06,66.26700000000001
84.63,71.1,83.78,52.18,58.93,67.27900000000001
54.66,69.78,69.69,89.83,92.78,82.04249999999999
96.89,58.03,56.88,78.18,87.5,77.963
91.33,94.28,74.97,62.32,78.66,75.457
92.88,45.43,94.52,83.54,74.45,70.5845
95.33,92.19,73.44,88.34,62.79,72.333
70.43,62.6,59.78,92.23,73.75,80.12599999999999
92.34,92.84,54.65,64.11,82.06,67.3875
57.9,83.73,97.2,51.28,89.11,67.632
51.08,46.25,87.15,75.5,54.08,74.3005
89.24,89.89,65.65,92.8,85.42,76.13550000000001
53.74,80.93,64.77,60.39,87.14,74.4685
99.43,41.94,94.76,71.06,77.95,73.523
83.74,48.02,58.88,62.82,60.72,54.068
87.67,78.14,76.75,50.67,76.96,63.05050000000001
62.29,79.76,85.68,94.93,75.14,77.32400000000001
83.69,84.8,69.82,56.75,73.79,70.3095
52.16,83.21,52.0,88.34,73.03,74.764
91.89,79.57,61.39,67.33,55.54,58.362
58.48,85.97,95.09,63.88,59.14,81.037
84.87,74.51,76.16,97.05,54.87,75.3425
61.22,55.65,90.77,82.86,62.12,69.1405
53.42,94.74,77.78,84.35,63.17,75.1625
74.07,41.09,97.18,87.98,62.25,67.712
58.46,61.99,95.46,67.05,60.55,78.045
86.47,83.73,74.14,78.18,86.77,72.569
61.88,65.63,65.91,63.51,90.93,66.9245
67.12,41.49,80.08,91.73,66.36,75.66550000000001
78.37,43.96,83.74,79.97,65.26,71.6045
64.25,78.92,74.92,62.17,92.2,69.25699999999999
68.9,97.89,91.11,94.99,81.2,90.907
90.78,73.11,59.17,79.04,64.67,75.501
58.96,70.41,66.72,74.75,85.68,66.535
54.11,59.1,84.32,51.72,67.23,67.827
66.42,55.4,62.33,95.49,79.33,80.08949999999999
71.22,41.26,71.99,97.61,99.63,77.156
77.13,56.38,98.19,78.13,65.08,74.5725
68.62,66.95,81.29,72.13,96.53,79.0955
89.5,51.88,97.45,67.98,66.03,73.5565
51.97,45.24,86.12,63.4,77.01,58.02250000000001
71.59,83.06,86.23,78.73,73.0,74.825
69.11,93.68,79.59,56.4,89.16,71.709
82.38,96.21,57.11,95.96,53.05,75.7285
98.31,77.08,75.99,58.8,81.36,75.679
75.52,43.17,62.63,87.28,88.03,69.762
99.34,84.45,99.93,65.34,73.61,71.89750000000001
65.11,46.61,63.35,61.3,55.26,62.760000000000005
51.54,80.18,61.53,77.89,62.24,69.49000000000001
58.28,86.76,81.19,88.26,83.98,78.43100000000001
69.76,83.55,75.55,86.34,94.77,73.149
65.82,97.11,51.07,61.69,71.08,70.33949999999999
54.85,84.29,56.48,66.53,78.02,76.279
71.63,81.59,90.55,93.44,61.42,82.6225
66.91,55.7,74.18,86.16,70.61,69.27850000000001
56.13,95.49,57.3,85.63,66.84,68.8765
64.81,50.77,73.26,63.45,82.78,72.39750000000001
94.32,94.29,62.66,89.6,99.23,85.2005
65.1,58.76,61.18,67.92,90.67,66.394
85.7,47.81,97.89,70.07,59.61,69.832
80.6,89.6,68.1,64.38,78.88,68.24949999999998
71.36,40.15,52.32,56.07,53.32,56.51349999999999
61.95,89.93,98.52,71.02,62.35,80.636
68.45,55.74,89.74,50.85,58.61,56.6605
79.61,93.08,62.72,72.8,66.78,73.148
67.54,81.49,70.44,86.25,83.94,71.45349999999999
60.74,79.97,93.11,98.04,74.97,79.3735
55.82,61.92,67.87,53.93,96.65,68.4
93.99,43.56,78.37,64.06,60.64,56.669
72.02,89.8,76.74,74.71,68.21,73.19749999999999
81.26,50.25,70.06,58.52,66.49,59.854
74.52,62.34,81.98,55.84,61.8,67.7225
93.63,76.02,73.66,72.62,99.66,66.7215
77.35,68.94,51.06,79.04,69.36,73.4255
74.04,51.92,90.72,91.01,97.03,80.697
96.23,48.44,55.66,99.89,69.52,78.1265
85.98,47.39,73.2,88.71,60.2,77.184
55.58,91.78,79.0,61.07,55.96,66.75899999999999
58.89,41.89,85.28,87.4,92.78,69.5835
89.36,98.62,70.54,76.86,51.6,77.132
91.79,51.91,86.78,72.54,98.22,72.94
77.26,46.62,56.57,96.79,70.91,62.609
77.72,74.62,82.67,85.1,62.37,71.4655
81.6,44.8,91.32,84.08,80.87,76.729
71.96,76.15,94.47,50.59,56.65,70.9875
84.01,91.04,78.98,93.25,53.61,82.7465
55.42,42.87,65.64,89.67,91.39,68.149
98.06,87.99,58.17,64.95,71.23,67.9145
87.51,63.67,67.28,64.61,75.91,58.149
81.56,49.57,77.0,52.67,58.83,61.0495
65.82,50.57,59.82,52.54,53.07,60.32
58.05,95.13,97.63,83.43,68.39,83.937
70.47,46.64,94.86,59.31,75.31,65.65899999999999
83.08,92.01,51.65,96.18,88.27,73.2675
81.69,72.65,78.1,92.12,75.05,77.4935
69.13,42.34,89.47,67.44,89.13,75.394
80.66,67.87,62.27,69.0,55.77,60.733
90.69,89.05,76.19,66.36,53.2,69.2315
51.31,83.57,70.3,54.62,57.94,66.738
72.53,69.33,59.83,51.57,88.6,68.6925
87.93,91.6,80.74,72.61,87.97,84.0335
77.31,47.22,99.68,97.15,57.07,73.9795
82.57,94.6,68.26,95.86,51.55,77.052
75.83,90.79,77.62,90.49,84.26,82.21950000000001
99.59,82.5,66.39,81.43,92.76,82.751
52.73,89.07,93.85,92.81,87.71,85.82199999999999
74.55,72.63,93.23,75.75,60.14,80.5455
54.57,80.51,58.94,59.01,79.19,60.282
57.99,73.64,95.0,84.21,87.87,82.93350000000001
69.15,61.33,57.58,96.03,62.79,72.6345
57.78,74.13,54.77,50.98,76.39,55.923
98.18,55.45,82.65,62.57,65.72,58.7255
97.34,66.42,69.3,63.27,61.28,66.3495
66.81,56.85,76.54,54.95,98.48,64.6815
81.99,47.37,82.63,61.27,95.63,73.5915
76.69,59.31,52.64,69.2,72.28,70.0955
90.78,91.12,64.65,96.99,56.84,70.8915
81.37,62.86,73.05,93.01,86.4,80.46199999999999
50.01,84.88,63.33,97.3,62.79,70.8555
88.16,50.51,52.45,56.03,58.43,58.9085
87.34,65.47,54.33,51.4,69.08,61.303
75.49,46.89,90.09,55.49,76.49,71.09299999999999
95.15,48.32,95.57,95.71,54.87,77.20599999999999
95.42,77.05,57.61,57.87,78.59,71.6015
76.2,76.45,62.46,78.63,50.77,74.4375
80.4,52.8,82.61,61.38,94.59,67.922
99.83,68.47,97.71,51.03,96.04,71.96
64.94,91.8,64.98,54.23,86.65,73.0185
66.23,50.45,92.76,85.49,73.33,67.97899999999998
59.14,41.15,75.3,59.12,62.74,68.13499999999999
94.79,79.12,97.83,61.46,87.21,75.98400000000001
87.22,43.21,56.81,68.86,96.59,61.41
55.28,98.8,98.68,82.86,57.93,86.4955
99.09,76.58,72.05,73.47,73.29,66.5145
86.55,68.22,97.65,97.23,65.76,87.648
92.53,65.8,72.93,71.71,67.84,64.719
52.41,74.38,76.5,59.96,70.29,69.1815
75.25,45.44,90.24,76.81,97.59,71.984
84.93,95.8,86.13,72.54,62.93,78.002
77.15,77.54,80.98,89.36,74.63,72.4865
83.33,51.04,70.85,96.76,97.57,75.76599999999999
90.89,73.75,89.62,91.81,73.8,74.46100000000001
68.72,48.0,97.41,69.45,93.18,76.577
92.43,41.05,50.49,60.81,52.94,52.608
58.15,77.83,79.39,95.72,97.65,85.5715
63.54,78.91,93.3,69.3,59.38,78.15199999999999
52.17,75.02,82.66,88.51,99.0,86.0475
68.22,51.01,90.04,99.48,58.78,69.5395
69.0,76.21,94.75,78.87,72.22,80.06700000000001
90.26,43.39,87.55,73.99,65.43,62.67099999999999
82.66,76.55,85.85,84.99,71.66,80.36049999999999
71.84,73.24,98.24,59.7,62.53,74.7575
82.61,79.32,93.18,74.41,98.27,72.42249999999999
52.64,93.73,90.77,65.62,65.29,69.265
59.01,91.02,54.32,58.21,82.66,68.88749999999999
81.35,98.84,61.95,80.51,56.87,75.2235
82.07,98.57,77.84,78.79,91.22,86.583
88.71,86.34,85.48,88.06,77.13,78.944
70.15,97.39,65.16,93.65,98.97,90.9795
86.13,92.04,54.67,61.02,71.17,66.012
84.2,83.65,65.55,88.99,59.77,79.574
98.17,44.52,88.55,68.37,67.3,73.1965
60.76,42.94,93.87,81.44,86.85,78.52850000000001
77.58,90.26,95.65,92.51,82.96,79.438
80.09,69.38,68.94,62.81,88.92,71.33550000000001
99.93,88.88,68.63,80.05,53.67,67.1385
60.06,58.78,70.34,74.02,79.02,66.646
76.16,63.86,68.79,89.53,96.61,78.47
67.31,82.01,83.31,84.86,55.4,77.7885
76.29,94.92,67.92,88.48,54.72,67.6195
61.61,45.27,51.02,64.4,85.83,63.0315
52.38,91.69,71.95,85.22,65.76,75.768
78.63,87.58,61.21,80.29,82.93,67.61099999999999
66.79,58.93,51.44,72.83,77.27,64.5715
59.1,61.31,73.54,68.92,99.3,75.07600000000001
66.2,42.79,60.3,66.58,94.45,60.040000000000006
52.46,40.94,72.64,50.48,83.9,64.866
97.52,68.62,63.89,58.48,63.08,64.42599999999999
79.06,45.73,80.19,52.95,63.1,68.5655
90.74,51.64,99.54,92.42,94.11,73.189
71.16,90.81,77.36,93.0,79.27,85.07249999999999
95.17,74.26,82.34,92.31,89.46,72.9415
74.17,78.02,95.96,90.9,72.49,78.4535
78.7,51.25,68.7,61.07,55.15,55.976
74.59,89.72,58.33,74.59,66.63,75.7075
86.66,92.08,64.14,95.39,58.06,79.721
78.33,71.4,70.14,87.99,89.09,69.447
63.58,94.75,82.25,50.09,85.03,62.1775
57.28,90.69,50.23,72.97,54.42,66.0335
80.31,83.88,92.67,50.53,81.07,64.4685
74.46,84.04,53.8,64.03,93.71,69.626
54.8,46.32,95.03,71.79,84.87,75.234
69.78,56.25,97.47,94.64,75.56,85.496
75.74,44.01,99.51,82.72,65.59,77.94800000000001
91.34,40.52,90.48,68.12,94.35,70.2385
53.81,49.5,57.09,74.53,71.14,59.5315
67.42,92.83,85.31,90.87,92.77,82.159
91.13,54.39,60.17,64.98,89.15,65.8255
82.42,98.21,94.86,80.75,90.81,81.284
64.5,75.84,65.83,63.11,99.49,71.4875
92.27,54.24,66.34,74.0,87.44,76.6185
74.66,69.83,95.88,51.23,51.7,73.068
74.92,53.15,50.66,92.61,60.27,63.794
98.83,99.04,59.7,52.42,51.76,60.088
97.36,90.84,71.1,61.22,59.5,71.3195
67.93,41.57,85.04,66.68,53.07,67.5425
57.03,96.87,82.38,81.26,75.08,76.15350000000001
66.28,83.26,83.47,86.0,51.41,77.7105
51.52,44.94,94.0,54.02,73.63,66.9
51.04,80.24,56.05,52.17,94.94,66.18599999999999
69.78,78.82,76.11,89.95,87.43,73.53
97.05,53.13,86.27,85.61,97.2,82.988
93.57,85.51,81.81,91.58,61.33,81.7775
75.57,45.22,72.42,83.83,76.55,65.17999999999999
78.26,69.37,50.86,87.55,65.93,75.95
50.3,40.6,53.02,68.95,74.69,66.7795
60.78,98.12,55.95,79.51,77.85,79.856
51.24,85.09,67.16,90.27,51.81,72.462
87.73,49.53,55.88,58.61,61.66,68.083
57.28,60.5,71.3,71.14,85.24,65.896
93.45,49.63,58.93,87.02,88.65,73.47
82.17,86.0,88.96,76.63,78.47,78.83250000000001
61.47,43.53,93.57,84.08,63.54,70.17299999999999
57.89,90.42,69.48,64.64,70.25,70.797
81.38,96.53,75.57,51.62,54.8,70.7985
95.04,80.6,97.67,51.46,97.66,75.72449999999999
85.92,52.78,76.78,97.14,93.43,77.224
67.43,61.61,99.75,97.23,53.28,73.776
79.37,68.63,57.11,60.56,58.32,55.466
65.54,76.28,93.11,57.37,79.05,64.9945
99.96,80.12,74.86,50.91,61.62,72.7145
87.44,73.25,51.14,61.56,96.72,71.39599999999999
80.72,61.08,98.61,66.72,87.78,78.505
71.16,93.46,98.25,62.06,63.66,64.6455
80.91,44.88,69.16,89.87,50.31,73.5005
67.08,67.98,97.71,87.47,89.97,75.1815
51.44,86.53,57.05,54.05,71.2,67.422
69.75,43.65,84.01,84.87,82.12,70.08200000000001
96.52,82.32,59.6,76.03,64.35,63.37949999999999
81.32,89.18,62.33,56.61,57.14,68.6285
54.2,79.65,88.97,86.98,83.77,74.9915
94.25,40.78,68.87,54.3,72.52,60.717000000000006
63.44,50.81,50.36,58.86,61.76,59.792
62.19,60.53,70.71,57.46,56.88,66.83699999999999
64.85,54.02,61.4,96.95,79.02,83.6275
78.86,97.76,84.17,84.91,86.28,79.1555
77.23,79.1,59.72,70.56,64.19,66.07
74.57,57.82,92.11,91.11,86.76,83.4985
85.88,95.78,63.35,60.8,59.16,67.75049999999999
65.83,84.44,69.65,96.55,66.92,69.6505
89.1,57.08,64.9,84.85,87.24,79.55099999999999
58.77,62.73,82.2,77.98,83.01,68.56200000000001
89.13,51.97,55.06,89.73,63.53,66.769
83.19,98.26,73.9,82.24,56.11,70.007
84.16,71.04,66.72,94.36,52.12,66.824
74.08,93.76,94.21,91.46,91.9,79.0585
83.35,60.79,53.67,59.89,53.76,52.237
53.99,91.65,91.48,61.98,55.74,69.49
92.58,43.23,58.38,53.25,61.89,52.478
52.78,98.93,54.43,61.01,72.28,65.1925
57.44,94.72,60.12,67.17,89.49,75.856
78.84,61.79,55.13,51.44,62.37,53.26950000000001
86.97,86.48,76.05,65.75,77.18,62.572500000000005
53.81,85.14,99.41,88.58,54.52,80.201
96.04,94.08,51.72,92.02,73.23,75.4665
98.68,58.44,73.06,50.44,58.88,58.87999999999999
80.3,67.93,69.3,50.36,60.56,59.40849999999999
74.06,91.9,66.98,57.32,68.34,70.2945
87.07,86.71,66.59,93.63,88.07,82.15350000000001
66.42,63.61,94.75,73.46,87.2,83.232
74.66,90.74,50.95,99.15,70.75,76.6835
95.81,42.82,88.75,94.37,55.93,73.30199999999999
97.78,86.92,62.65,94.51,64.03,71.1815
96.35,52.41,69.16,56.42,75.27,66.2385
63.12,57.17,71.01,73.76,93.47,63.8145
61.62,69.59,65.24,99.68,98.41,81.517
64.88,66.98,54.68,57.45,81.87,61.266
72.07,71.23,55.72,78.71,67.53,71.3685
65.71,72.69,64.91,67.21,84.67,75.07499999999999
68.71,59.89,91.09,69.39,66.81,78.67499999999998
81.03,50.51,56.73,94.54,81.27,68.8825
88.13,86.11,87.13,79.4,62.19,70.2425
86.78,64.0,64.44,87.94,63.35,74.493
90.72,70.35,94.17,83.66,53.76,75.68199999999999
51.61,78.68,71.42,76.45,71.01,71.486
52.39,94.58,58.59,89.59,80.91,79.9835
89.47,82.45,99.29,98.54,89.44,88.762
76.65,42.73,58.83,98.34,90.52,78.993
78.91,90.31,78.38,89.47,99.62,85.73649999999999
52.63,99.36,78.46,74.37,54.39,71.53299999999999
62.77,68.35,68.64,58.16,74.66,64.195
81.92,98.18,97.57,52.22,76.07,76.318
92.96,72.84,92.19,61.57,90.23,73.9835
95.85,67.58,91.49,67.01,63.32,71.0805
75.02,59.88,98.71,56.49,53.47,74.33500000000001
77.27,79.45,72.86,61.24,65.69,68.85249999999999
91.65,53.79,54.86,54.18,99.2,58.3715
76.88,46.3,88.27,76.18,94.97,77.29650000000001
75.84,41.63,69.04,56.32,69.76,65.08500000000001
95.25,57.54,59.52,87.14,93.81,66.3845
89.5,63.75,74.16,66.63,51.64,66.8845
95.45,73.12,96.29,83.6,65.71,78.81
60.91,57.56,58.57,94.13,86.34,73.1225
76.22,99.04,92.43,54.3,61.07,74.4375
92.12,57.5,70.91,99.45,59.92,76.656
55.56,66.46,56.84,82.26,93.09,79.792
89.73,46.2,92.42,52.67,80.8,59.1015
59.15,55.64,98.48,65.7,99.45,66.0555
90.41,42.9,64.56,94.31,56.73,66.57499999999999
80.6,73.57,65.18,79.81,67.81,70.8515
59.66,85.06,69.53,64.36,65.56,66.565
73.67,51.74,90.71,97.02,94.01,75.1245
84.1,62.07,50.52,89.36,62.76,70.2175
81.69,41.0,61.2,86.78,67.67,64.3685
71.36,90.37,85.29,94.42,57.14,82.614
94.97,86.8,70.28,88.49,88.77,84.151
75.96,43.8,66.51,64.34,61.89,65.47749999999999
75.29,61.89,93.61,79.19,53.42,71.709
53.11,97.32,95.87,92.11,71.76,83.11999999999999
96.11,63.52,97.4,59.04,69.57,66.162
58.86,71.57,63.63,58.15,58.88,70.87049999999999
76.42,61.31,95.63,57.95,56.68,71.4715
90.18,75.77,86.85,59.71,94.83,69.10399999999998
60.77,98.69,57.71,55.16,53.39,61.462
76.37,99.85,80.51,91.88,54.97,74.74749999999999
62.03,86.48,51.32,90.92,62.25,69.691
87.98,64.26,85.42,57.57,97.64,72.6395
78.22,69.67,86.68,85.28,54.27,74.386
92.8,61.4,89.47,81.35,90.8,74.3955
94.73,99.13,58.63,63.81,94.6,73.8945
82.44,82.47,81.41,61.37,68.89,76.29700000000001
86.27,66.94,58.94,62.53,64.69,66.625
77.46,40.73,97.33,86.53,83.87,69.4725
69.22,71.23,83.75,65.97,85.13,74.116
82.41,99.04,54.77,63.9,89.0,73.92399999999999
95.41,71.38,59.35,51.12,91.53,67.5885
70.83,50.95,83.17,95.41,63.42,74.338
65.72,41.33,73.83,87.64,84.35,68.991
69.42,61.28,86.81,73.64,56.75,69.3605
71.77,95.09,64.04,97.15,75.54,83.21600000000001
53.68,99.79,82.9,64.68,80.64,78.1015
74.92,96.72,58.85,83.74,58.09,65.6365
74.72,83.77,77.19,65.26,53.83,70.4075
79.42,73.49,97.89,65.73,59.74,64.53999999999999
68.14,75.44,81.41,92.24,71.03,75.35
80.66,72.34,52.5,89.35,94.39,78.02
93.91,82.42,99.44,64.71,76.6,71.05699999999999
97.77,65.13,57.84,54.07,87.42,58.05600000000001
79.18,80.15,85.9,67.88,58.71,72.7575
52.13,47.3,76.63,88.0,55.3,70.762
98.46,55.94,64.72,55.03,61.98,52.656
85.29,90.16,58.87,83.61,65.69,77.3965
66.8,94.22,58.89,94.49,77.41,75.94449999999999
57.36,72.34,92.92,58.96,94.06,69.413
57.17,41.9,93.65,93.11,71.3,75.49799999999999
58.39,95.62,73.26,52.57,75.94,64.577
52.28,82.12,55.18,83.34,50.23,75.815
95.11,64.84,94.21,89.55,51.67,68.9645
77.04,75.9,74.35,72.24,54.19,72.93349999999998
85.0,65.79,71.94,60.19,84.95,73.819
91.41,67.92,70.37,96.24,74.31,84.324
89.58,93.21,68.25,51.0,59.65,64.434
94.13,49.67,76.3,77.75,79.63,74.441
98.36,46.22,80.23,68.64,77.23,74.88499999999999
71.95,40.16,73.32,73.05,54.44,61.4135
97.52,58.84,94.83,76.83,82.02,73.14399999999999
86.16,48.84,65.88,76.74,88.36,63.06099999999999
53.53,53.2,78.92,60.18,64.33,65.275
84.09,40.67,65.0,83.99,84.37,72.1695
84.34,53.63,87.67,50.96,59.99,57.9195
95.29,59.96,55.11,51.06,87.84,65.025
68.65,41.89,59.43,73.92,95.59,59.593
79.25,76.47,90.06,77.1,72.09,77.866
50.61,74.13,59.16,63.74,62.23,60.0685
66.6,45.82,81.29,77.58,69.96,73.979
53.11,75.7,98.51,75.81,62.5,68.692
76.09,99.92,76.14,67.46,50.06,66.5255
90.87,96.67,59.37,82.59,82.52,80.5875
60.32,40.16,66.03,97.9,52.13,66.9765
76.37,87.72,91.17,74.54,60.52,74.175
60.2,61.22,67.58,89.3,86.12,78.6395
56.03,43.82,86.18,62.38,83.29,61.738
75.55,57.76,88.87,88.1,53.67,79.94149999999999
53.96,59.3,75.06,82.45,83.0,68.314
79.37,71.39,89.16,81.98,96.53,72.432
51.57,79.67,65.85,94.65,53.73,71.151
55.34,84.94,75.81,61.67,70.78,77.509
77.5,54.75,84.33,68.42,86.47,64.6125
79.57,59.31,58.4,54.15,83.39,69.90799999999999
51.45,58.5,63.68,86.31,61.33,80.21300000000001
78.67,61.76,82.6,92.19,58.15,75.37849999999999
91.93,99.98,82.77,70.29,89.21,80.7655
86.12,86.68,74.67,67.84,97.81,79.763
56.56,98.5,89.78,82.93,88.38,81.099
79.62,81.59,74.1,53.78,98.16,66.001
83.61,64.38,94.07,64.69,80.25,70.17199999999998
51.86,63.38,86.8,68.31,96.45,75.1525
92.77,69.31,65.73,75.93,84.52,77.03949999999999
95.31,65.01,69.76,73.83,95.44,69.966
92.52,89.7,83.38,60.43,58.08,64.22899999999998
91.23,67.9,94.72,77.04,90.78,84.3055
87.25,57.74,58.94,96.29,59.84,64.40299999999999
81.67,86.49,75.73,51.35,51.37,70.61
83.93,91.27,55.94,84.02,75.88,68.988
90.32,65.23,63.97,81.24,65.91,75.7555
83.12,80.07,84.3,96.22,52.18,86.21950000000001
66.39,43.53,53.89,82.27,99.02,67.7235
68.8,71.77,83.12,81.24,83.32,71.5075
94.85,42.7,95.04,88.49,95.09,78.432
50.86,41.75,98.47,63.39,99.95,64.7875
84.94,76.78,60.83,79.79,69.6,68.411
97.74,58.2,87.44,75.97,62.74,75.016
85.31,84.55,96.32,71.92,59.19,72.503
99.7,93.76,54.57,53.97,75.76,62.9115
84.38,48.36,70.7,64.63,80.3,67.0605
51.72,83.47,95.97,64.0,73.62,74.7505
91.35,70.87,60.14,86.21,69.36,69.2605
64.23,46.73,96.69,96.03,58.41,79.93299999999999
72.3,79.1,76.36,61.54,72.09,70.71000000000001
65.6,76.57,54.99,53.73,54.26,61.2315
63.43,70.94,72.49,100.0,93.25,78.902
71.57,95.59,66.31,84.56,52.35,65.6655
68.94,71.26,64.11,94.32,69.03,81.342
81.67,99.43,77.07,57.19,55.01,73.27799999999999
90.66,70.55,74.18,90.04,88.75,81.3765
64.85,46.95,74.1,90.67,65.64,63.44
60.69,68.23,54.41,57.57,55.66,61.4455
83.34,50.94,90.12,58.07,76.57,70.67699999999999
83.52,75.83,74.07,64.77,95.81,71.627
95.06,81.59,91.05,60.84,95.43,69.476
50.8,68.11,91.23,98.77,62.48,78.82
92.65,45.86,65.86,68.15,85.98,72.20599999999999
76.05,68.12,50.22,88.07,51.51,60.3305
81.07,44.89,95.56,90.25,56.59,77.42649999999999
54.57,80.93,88.03,69.3,74.97,74.33850000000001
71.63,87.42,55.36,84.13,61.44,74.27499999999999
61.37,97.74,85.09,55.39,89.91,73.1425
62.71,48.93,51.0,69.85,96.55,67.87950000000001
75.2,71.95,51.39,98.37,50.22,67.474
90.62,74.05,76.29,58.43,61.65,61.81999999999999
87.19,95.35,54.8,69.29,71.98,69.9725
79.55,77.64,98.22,89.53,78.15,75.713
76.97,48.73,94.69,83.27,95.8,79.609
71.37,66.18,82.49,81.58,94.59,79.3785
98.64,79.29,53.19,92.66,81.86,72.3035
78.01,82.02,66.24,51.45,62.87,66.4085
62.7,91.78,68.59,88.56,89.16,78.27199999999999
61.5,50.83,74.04,94.13,60.13,71.5575
80.57,97.09,58.45,50.81,98.26,66.77
76.14,43.55,78.88,77.95,50.29,73.7035
50.38,99.03,71.79,67.43,78.49,73.136
91.5,91.47,97.36,52.54,54.42,72.161
85.21,79.62,96.81,70.89,70.38,69.69449999999999
83.09,84.1,78.27,82.2,81.75,69.838
53.44,44.36,82.22,95.95,84.48,71.185
68.1,42.49,56.89,81.03,89.28,72.8065
96.77,46.11,61.17,92.84,79.67,67.546
93.13,45.24,95.04,56.08,62.57,59.608
64.28,72.84,84.96,60.53,94.46,76.675
57.85,52.93,59.47,98.51,90.56,69.594
72.45,91.61,78.51,94.37,58.0,75.7365
67.79,66.74,96.74,61.76,91.33,71.09299999999999
84.11,81.73,67.26,81.05,98.63,74.589
98.32,79.17,59.29,68.13,81.86,72.59400000000001
68.15,59.19,97.1,73.43,64.09,67.81899999999999
53.11,54.59,73.06,93.04,80.33,73.5125
94.88,60.55,70.86,86.79,67.13,77.524
51.9,87.8,63.38,61.92,83.8,74.3805
97.64,75.18,94.58,65.8,77.24,79.943
83.23,55.21,92.28,64.49,96.47,74.13
97.08,89.07,70.15,89.03,80.9,77.837
59.98,43.29,51.53,74.5,60.7,66.0005
52.03,81.95,72.33,97.54,86.26,80.7025
74.41,66.35,59.04,90.83,65.04,77.9615
72.53,83.88,57.14,60.56,63.62,68.108
66.57,95.65,69.65,89.3,69.59,71.48400000000001
97.88,85.0,54.95,75.3,50.6,71.745
91.13,66.52,97.87,62.69,98.46,75.4465
83.08,49.06,52.38,68.17,76.62,66.634
58.14,88.38,70.07,98.61,88.67,76.41
86.72,67.64,58.14,74.2,62.89,65.836
86.35,44.52,84.44,85.98,87.33,72.1585
71.25,83.14,53.94,73.85,78.36,68.18299999999999
96.24,57.51,77.34,68.58,71.21,64.3
58.35,42.93,88.66,89.82,98.53,72.7125
63.37,94.17,97.5,92.42,74.69,79.953
53.16,68.99,84.93,53.59,82.87,62.1795
89.77,56.86,54.97,63.95,50.77,61.941500000000005
81.09,82.98,54.43,75.39,65.07,76.35799999999999
65.75,93.15,86.58,65.82,94.43,68.82600000000001
58.19,40.02,60.77,89.18,87.95,72.15
52.01,81.27,72.36,55.74,76.84,60.1155
58.34,86.02,98.83,89.89,95.01,75.80799999999999
72.66,52.6,91.0,80.89,74.31,77.5155
62.36,69.38,92.33,64.47,78.33,76.5655
62.95,45.36,93.04,67.22,69.11,70.252
93.78,84.8,80.98,59.14,81.0,69.70150000000001
75.76,90.85,87.2,62.63,65.95,77.774
86.46,46.49,67.95,85.86,69.27,65.3785
51.79,88.99,99.92,68.79,98.32,75.4405
68.26,86.29,63.98,84.37,55.57,68.89099999999999
73.96,60.81,79.5,75.71,55.26,76.083
59.32,81.42,64.1,57.26,52.17,59.60799999999999
56.01,40.0,55.6,74.95,66.0,58.5425
93.52,95.91,78.38,87.82,69.91,82.323
96.97,73.02,67.67,64.88,54.73,60.1555
53.94,77.22,79.16,82.4,77.46,68.5305
67.45,79.88,77.93,59.95,79.17,64.2935
97.91,73.68,77.11,56.78,87.55,61.66
54.16,91.41,56.17,68.01,98.8,75.8
82.18,76.58,72.01,69.46,80.97,70.681
98.61,94.47,90.6,88.05,55.58,75.411
98.91,74.94,65.76,73.0,54.43,66.363
73.56,50.27,72.19,54.06,88.88,69.985
58.14,94.81,74.69,81.7,82.52,79.46950000000001
60.1,80.9,93.14,73.46,58.1,77.9165
94.48,81.95,82.78,66.58,62.67,68.50800000000001
95.58,99.13,55.01,90.11,87.51,74.765
80.39,44.51,93.26,57.72,78.31,70.9225
88.31,65.72,91.6,95.66,79.25,82.791
87.0,54.35,87.68,66.7,60.5,60.78450000000001
83.09,77.83,73.3,73.05,81.45,72.65700000000001
91.36,88.41,87.88,96.46,88.53,83.2495
84.27,97.98,73.94,88.06,94.26,79.3045
76.7,67.28,86.83,53.72,86.84,75.689
61.85,87.17,94.01,78.91,78.82,84.772
87.19,95.02,94.53,65.52,83.66,72.43199999999999
73.67,81.0,72.73,75.42,74.26,69.999
64.74,54.56,92.97,87.15,61.34,76.7285
90.1,76.47,55.07,74.81,94.11,65.3675
84.84,98.2,55.09,53.55,76.63,66.50399999999999
96.87,99.25,77.41,76.5,79.72,82.5885
58.27,78.54,82.59,51.21,99.51,70.1135
82.46,93.22,57.65,67.42,99.25,76.9965
62.21,52.02,73.61,73.9,79.32,70.4715
95.18,54.76,54.72,82.23,51.7,75.60849999999999
54.97,97.17,80.1,75.31,69.81,73.197
82.81,48.11,92.75,57.6,96.86,73.33500000000001
89.55,51.47,86.88,96.61,64.42,68.53
67.75,65.23,68.91,82.51,99.96,73.27250000000001
97.71,75.38,99.69,65.85,54.22,63.25749999999999
92.54,76.23,83.15,98.3,78.41,85.1605
64.73,57.52,90.76,94.13,75.77,72.8555
50.38,95.24,83.48,57.17,62.77,74.021
64.83,94.91,99.47,82.77,97.43,83.756
64.07,63.52,91.07,78.0,80.96,68.99199999999999
94.5,66.06,75.97,59.64,61.51,67.16499999999999
98.36,82.15,68.34,61.67,69.2,75.3695
53.52,79.78,84.11,78.19,86.06,77.214
73.56,62.94,79.51,66.06,64.88,61.211
77.42,64.85,81.47,91.74,93.98,85.19800000000001
54.65,60.88,67.15,54.89,58.28,65.777
68.87,54.12,71.44,95.7,63.23,71.1245
65.85,67.49,77.9,92.03,57.24,74.45150000000001
76.8,81.19,91.96,86.93,55.21,78.62
83.06,84.52,88.15,63.13,65.02,76.899
85.17,86.73,55.93,85.75,99.96,73.915
56.84,62.48,62.28,71.94,54.72,60.113
90.65,85.88,51.33,81.69,60.65,78.85849999999999
83.93,40.39,50.4,65.63,63.58,54.5405
94.45,68.62,61.22,91.79,80.96,79.949
72.47,87.63,89.97,52.03,87.27,66.87599999999999
94.69,77.8,95.24,84.57,87.6,82.61449999999999
93.29,68.44,69.59,91.43,50.43,66.34649999999999
71.92,78.68,78.16,82.32,82.59,84.781
69.06,94.42,85.3,59.6,81.54,77.4895
96.64,73.98,97.65,64.25,75.88,76.72
85.76,87.99,95.65,75.75,68.96,79.0945
96.41,98.84,52.86,66.47,89.87,66.833
89.85,82.33,62.41,50.25,67.19,62.295
80.46,74.4,52.46,52.03,61.5,59.7355
55.79,42.25,80.83,88.39,65.5,72.194
64.57,62.47,85.52,54.19,71.98,74.15100000000001
98.44,73.93,65.41,96.4,60.7,72.046
65.97,87.83,92.69,72.14,80.38,80.063
54.66,66.29,72.64,87.91,94.21,83.5685
85.38,97.6,99.92,56.28,79.77,67.059
86.7,56.31,50.02,96.33,72.33,75.4615
64.27,84.67,55.47,51.69,89.84,63.732000000000006
64.88,65.14,65.09,52.11,87.4,65.565
73.44,69.16,51.28,52.73,68.35,57.5125
51.09,88.15,89.12,55.17,80.21,69.2175
89.47,57.77,52.64,74.34,86.49,61.375
65.85,45.81,87.45,89.41,62.27,80.339
92.69,71.22,52.63,64.25,68.31,68.786
90.13,71.73,62.64,87.29,55.29,63.9315
83.07,87.83,92.06,88.7,99.38,89.759
66.24,98.1,97.55,95.41,54.29,84.5695
75.82,43.32,70.73,57.47,58.43,67.6165
72.24,75.5,98.5,56.78,73.99,62.548
66.94,80.88,81.34,56.1,93.26,68.3965
92.41,99.15,70.79,67.97,67.79,76.36600000000001
74.18,96.56,90.14,74.47,88.43,74.3115
91.64,82.75,64.77,73.08,83.8,74.5945
55.26,71.31,63.29,62.85,81.93,64.833
57.05,49.69,82.83,81.1,92.25,66.75800000000001
98.87,63.05,69.52,66.91,50.71,61.1445
79.39,75.11,56.8,68.3,96.46,75.17999999999999
75.49,83.51,53.35,55.28,91.46,63.32900000000001
76.16,78.12,89.39,79.61,96.89,76.396
60.76,82.85,83.8,82.76,89.68,80.276
85.94,65.75,70.59,87.9,93.93,76.959
54.24,83.66,94.81,95.2,60.15,82.803
78.67,48.62,70.54,88.3,65.96,76.8275
78.54,49.76,85.51,61.79,65.76,58.396
95.71,49.77,95.46,61.78,55.46,66.392
76.31,93.45,92.04,95.75,86.48,90.4865
56.85,44.56,75.56,89.51,56.81,79.08950000000002
78.64,88.09,84.03,89.11,52.63,81.2015
54.57,54.01,70.68,85.99,88.77,66.23249999999999
60.19,68.11,82.36,63.36,95.23,70.8415
51.56,94.96,62.88,92.37,88.21,73.6755
75.66,75.16,71.74,57.14,91.27,70.6965
54.23,52.61,60.48,67.5,79.78,57.349
73.47,57.05,51.91,67.32,94.39,60.749
96.65,95.23,79.43,78.01,74.84,73.896
85.99,65.63,93.22,73.17,99.42,73.5505
53.87,75.22,51.28,72.99,55.17,64.9915
61.21,67.6,59.8,77.68,90.46,73.18
83.68,62.71,73.01,70.77,82.07,73.3835
94.74,53.4,83.29,62.5,79.03,64.73649999999999
51.65,81.17,58.56,83.21,86.29,73.984
90.62,83.09,52.83,89.53,92.01,71.978
78.09,56.49,75.95,73.95,93.14,69.96
77.3,87.34,90.94,82.47,58.77,80.8075
97.89,91.27,51.76,76.77,59.85,69.823
87.38,95.24,67.47,52.95,50.81,68.97250000000001
92.51,49.67,83.18,71.15,56.59,68.874
67.7,58.24,56.54,50.49,63.19,61.0255
77.72,91.62,61.8,83.09,86.05,74.95
80.77,51.91,76.77,75.41,73.79,70.319
66.08,40.21,97.66,56.34,87.9,69.8475
78.51,92.25,64.37,77.11,74.33,67.64150000000001
61.83,59.59,74.38,94.92,77.78,73.3295
57.17,64.87,70.0,67.02,55.55,68.664
68.7,66.78,94.87,99.12,88.83,74.654
86.96,90.9,53.59,97.97,87.91,80.48049999999999
95.81,60.27,78.31,89.27,65.38,73.2385
72.89,93.54,92.31,90.69,66.43,87.1875
82.14,77.02,99.41,70.53,60.98,78.2815
55.15,71.64,84.94,70.13,90.69,72.43
95.22,59.54,69.0,97.72,87.35,78.9195
78.43,54.62,70.59,68.31,80.46,62.5855
89.02,77.44,67.58,54.84,61.94,60.2115
89.72,66.81,80.18,57.64,58.59,70.937
62.82,94.63,86.97,85.52,52.51,74.262
76.46,69.5,90.97,69.15,52.28,65.9085
98.02,70.71,70.83,59.97,59.36,74.288
54.48,65.0,85.84,90.69,55.03,81.9485
84.15,87.36,95.81,74.43,77.81,84.18299999999999
98.11,65.49,96.04,78.38,67.9,81.83099999999999
65.03,56.16,85.2,57.7,72.25,70.864
93.07,91.72,81.85,59.64,79.7,68.4275
96.68,75.81,76.58,56.29,82.96,67.88900000000001
87.35,75.49,59.16,75.73,82.41,71.735
61.57,76.65,56.18,88.78,63.04,68.595
66.7,83.13,74.29,86.61,90.48,84.819
51.79,58.78,57.97,63.06,95.89,66.90699999999998
91.57,42.03,78.85,92.58,65.8,66.976
92.48,88.64,82.29,55.28,50.85,65.6835
81.64,47.73,76.28,55.7,94.96,60.3025
67.63,83.31,51.82,92.47,96.18,83.666
53.84,44.94,52.89,62.22,52.55,58.363
87.65,62.52,55.67,85.41,50.25,67.51149999999998
86.33,43.78,57.68,50.45,90.82,60.256
95.63,71.33,99.49,54.68,65.07,71.09649999999999
86.53,79.19,67.22,80.46,95.73,77.97999999999999
91.43,50.29,64.6,59.12,60.84,60.5835
87.3,62.3,52.61,51.41,93.06,67.76050000000001
81.53,95.81,81.77,73.35,53.43,82.2175
71.35,66.54,82.61,66.53,63.03,76.6145
95.11,88.15,58.77,90.11,98.66,79.327
82.55,95.63,95.96,90.94,61.56,89.9665
69.92,98.46,90.02,80.72,56.65,75.53549999999998
54.17,93.9,61.52,64.65,92.85,78.248
64.54,59.04,74.29,73.08,55.89,71.765
77.19,97.75,72.92,85.11,54.87,85.173
63.78,88.74,67.43,53.47,66.17,68.946
61.06,90.23,90.88,66.62,81.77,75.1395
76.37,40.91,55.46,91.12,85.54,65.43299999999999
58.49,97.25,70.77,70.3,94.06,71.139
90.02,86.69,71.4,81.23,77.05,77.4325
74.22,86.08,73.44,54.82,69.67,62.64849999999999
78.69,44.89,93.07,88.85,67.94,75.32799999999999
57.37,53.95,60.91,55.02,92.35,61.655
66.23,97.74,55.15,93.08,86.19,82.054
70.5,70.04,80.89,55.33,95.27,76.07549999999999
90.41,63.87,58.69,94.54,98.2,77.8185
88.51,90.4,53.75,68.19,65.0,70.7595
61.15,45.24,71.33,81.23,76.48,72.805
80.81,65.02,60.98,92.33,81.59,78.7605
62.17,62.54,68.06,50.51,58.19,55.072
99.41,60.99,62.99,63.28,52.67,59.40549999999999
97.61,58.46,54.63,95.42,93.39,79.9085
78.16,52.6,78.02,69.41,76.78,70.87650000000001
84.95,50.37,51.35,85.32,78.54,69.03049999999999
90.07,78.42,98.32,57.0,77.75,73.36099999999999
86.05,95.16,67.07,83.92,87.75,76.1755
84.99,70.53,84.76,53.66,57.28,68.4495
97.93,57.88,90.52,85.87,80.7,69.82849999999999
79.82,49.55,63.96,66.19,73.47,62.7905
81.82,89.81,87.44,73.29,94.85,79.4645
92.46,98.29,91.62,58.31,75.98,73.2975
83.49,60.95,62.07,81.39,97.15,74.265
86.65,57.46,99.62,66.88,67.66,75.142
61.71,76.09,51.03,69.17,98.34,74.2105
68.56,86.52,60.85,82.61,93.76,79.94449999999999
57.37,67.32,89.0,58.94,79.21,71.25099999999999
75.29,77.8,59.71,92.6,67.69,77.2755
72.79,82.99,84.91,86.96,68.8,69.5055
99.86,97.64,92.78,78.89,88.64,73.104
80.56,49.9,97.96,56.42,79.03,70.383
89.32,99.84,73.71,84.36,70.08,77.99350000000001
66.7,63.53,98.56,50.9,81.8,73.176
91.58,83.39,70.58,90.22,86.66,79.16999999999999
80.75,74.34,60.91,65.19,51.15,69.3895
84.85,69.2,75.7,55.86,54.49,71.927
64.72,81.88,82.49,58.22,54.72,62.8485
77.43,63.75,72.9,98.16,61.6,75.658
81.7,47.57,78.35,88.69,71.35,74.435
79.45,69.33,70.82,61.89,90.18,68.125
95.76,71.31,76.24,98.17,67.55,72.67850000000001
94.91,52.11,97.63,57.01,50.87,67.256
98.55,96.14,74.99,86.68,74.17,88.3805
83.37,53.65,62.66,82.84,99.83,77.129
98.6,64.55,87.94,91.07,67.45,76.4245
91.62,49.3,66.88,69.08,98.06,68.4045
63.54,72.15,90.81,70.09,55.07,71.338
71.37,58.46,52.84,81.23,58.65,63.9765
61.92,69.36,66.61,69.91,86.21,70.787
50.21,53.48,54.72,52.07,75.06,53.6245
59.4,43.23,54.27,86.49,88.26,73.528
50.2,86.75,82.92,82.05,93.18,81.826
85.99,78.47,69.27,71.19,62.55,72.36800000000001
71.28,60.44,93.57,65.14,84.14,75.5575
65.63,42.85,75.82,66.04,80.38,64.3305
88.09,91.93,64.77,87.05,93.08,72.9455
91.62,50.19,86.04,86.46,71.51,77.381
98.76,95.84,81.2,90.95,52.59,87.5125
82.1,68.72,89.98,88.11,78.71,80.8065
73.08,60.42,82.18,87.9,97.94,71.5065
65.26,84.51,58.35,62.59,50.73,67.9965
61.12,92.61,83.52,55.08,62.01,60.7995
60.65,62.24,69.58,88.09,65.8,75.17999999999999
70.46,64.44,73.16,54.93,88.29,61.28549999999999
99.59,65.99,96.08,99.11,66.16,84.4845
50.04,95.34,68.0,93.75,61.95,78.806
59.86,81.55,80.6,76.67,82.43,79.809
59.42,54.86,68.17,67.61,52.32,63.4095
85.86,51.1,54.74,76.34,58.53,64.791
67.62,53.82,72.68,86.72,70.4,79.27850000000001
72.86,55.81,79.85,87.82,67.78,70.663
57.43,53.81,70.38,53.68,67.36,62.501
70.25,79.51,69.53,90.24,55.43,74.7385
55.16,46.96,91.02,82.07,68.04,76.9695
76.65,63.24,51.48,52.03,89.9,53.89200000000001
54.9,77.5,64.78,65.66,70.69,69.4115
89.53,57.45,90.59,75.53,79.31,77.586
78.33,43.92,96.03,59.42,58.18,65.50649999999999
86.2,44.91,70.61,57.76,53.49,54.5375
70.93,47.56,94.44,50.71,94.0,68.5505
69.07,90.15,59.95,95.58,66.57,76.42849999999999
54.91,79.47,61.07,52.81,67.52,54.746
76.19,43.87,92.31,68.3,93.88,70.22
75.73,63.46,95.16,60.29,85.39,75.3215
73.41,56.72,61.14,87.05,87.81,66.995
87.03,74.68,52.97,85.36,84.1,75.4455
91.63,71.37,54.52,90.31,55.29,74.0055
87.54,68.87,63.07,80.84,97.9,67.6405
57.19,58.87,88.07,79.58,95.46,67.50599999999999
81.1,48.27,75.5,70.36,61.81,66.302
54.02,84.54,72.78,81.82,90.2,83.9715
84.73,92.79,79.21,55.76,70.47,65.42999999999999
69.09,96.65,94.51,84.23,84.19,85.20700000000001
56.62,43.52,54.52,55.19,58.28,59.3235
93.1,84.39,84.74,93.09,76.93,79.822
80.7,83.59,96.34,75.28,56.33,75.65400000000001
67.74,96.83,60.67,76.52,76.81,83.4995
51.54,55.17,91.89,79.24,62.18,65.5715
76.87,84.53,84.9,88.8,72.62,78.264
96.16,43.28,50.72,73.92,83.4,65.0885
79.82,77.87,61.58,71.38,93.85,67.62650000000001
98.58,61.05,80.29,64.42,58.26,59.6255
56.82,86.13,75.12,56.4,94.66,61.466
78.42,91.8,76.4,59.52,69.5,66.33600000000001
89.91,61.89,61.6,50.03,92.19,56.4765
76.28,71.54,83.75,93.47,75.63,85.935
54.55,47.04,63.32,88.25,93.11,79.11999999999999
79.14,65.01,69.47,60.93,83.14,58.47
80.59,61.65,68.45,50.12,75.44,61.06999999999999
86.44,50.99,83.6,74.61,65.63,61.06949999999999
88.06,93.67,54.51,70.63,98.45,68.10099999999998
88.54,48.89,60.28,88.8,90.04,69.1995
83.17,78.14,60.02,70.14,69.06,68.02199999999999
60.79,93.41,55.42,93.21,58.34,84.789
70.21,94.72,60.38,54.79,88.98,65.5425
88.81,87.59,80.35,68.29,99.5,77.178
97.67,50.57,86.61,96.7,63.95,74.412
53.95,89.05,83.02,50.59,95.79,62.439
76.78,56.59,73.76,69.54,56.27,70.1015
65.63,95.34,52.62,62.99,97.61,66.187
61.27,82.55,97.95,76.59,87.27,86.7465
75.29,87.12,58.4,63.94,67.33,60.7705
80.3,45.1,83.42,93.5,65.23,75.14850000000001
50.49,74.97,95.64,96.86,82.17,90.7465
89.01,89.27,84.89,92.46,79.68,74.7575
90.99,91.7,60.9,69.93,95.95,73.399
98.28,41.72,65.79,99.5,88.31,79.965
59.03,96.35,51.51,86.75,77.02,70.8235
79.73,42.6,80.64,67.78,96.38,71.6405
71.33,76.87,80.65,54.68,79.64,62.071
66.74,81.6,86.28,83.35,92.48,76.0775
78.28,46.44,50.55,86.43,92.05,63.4525
89.12,42.88,90.89,56.12,95.96,73.9025
51.15,87.09,86.94,77.49,53.38,70.707
98.47,63.08,57.04,99.35,79.19,70.5445
90.49,46.43,67.38,66.31,73.42,66.9665
87.56,85.76,81.93,65.09,74.53,70.52100000000002
88.02,90.95,74.79,95.17,73.0,77.60199999999999
69.45,75.24,55.75,55.87,91.87,61.97649999999999
87.58,49.67,54.37,96.68,65.92,74.2595
69.34,40.91,89.07,88.97,73.14,77.3445
94.94,82.05,57.8,69.54,60.03,65.315
58.86,73.01,58.6,54.18,62.59,55.557
64.62,79.05,91.55,50.96,83.02,72.5075
77.57,88.79,80.61,68.79,55.85,77.287
65.96,66.05,80.24,85.27,59.39,72.0785
71.21,47.47,73.97,74.38,76.4,59.0025
74.62,96.4,78.45,86.93,52.19,75.13550000000001
92.82,72.72,80.09,83.53,56.35,76.8305
76.16,76.92,98.39,78.65,93.17,86.396
68.12,96.0,61.15,98.37,92.31,77.0795
62.39,95.9,60.73,86.42,67.39,74.082
70.43,74.33,52.86,95.73,67.4,66.1325
75.79,57.86,82.91,62.11,96.83,66.7765
87.31,99.83,77.45,85.68,51.29,76.69749999999999
56.05,80.85,55.56,79.89,79.01,80.637
61.08,64.51,68.23,96.21,79.87,69.3685
68.98,73.59,58.93,75.52,89.39,77.1005
68.02,64.95,66.57,63.98,97.59,68.6135
69.59,93.3,97.56,69.24,67.79,78.99000000000001
89.68,68.95,84.17,60.94,71.89,66.224
66.21,89.41,50.38,61.0,83.56,61.1195
75.09,90.41,62.63,73.52,98.36,82.9855
81.2,89.46,50.52,94.63,94.54,72.85000000000001
61.61,83.33,85.74,59.59,83.35,74.60249999999999
85.93,91.29,73.47,64.39,92.84,79.59
77.36,63.23,99.7,92.65,54.26,72.123
72.34,46.88,86.68,66.96,68.86,65.4555
90.49,90.55,75.9,98.12,50.65,82.2785
62.17,69.89,90.24,63.45,58.87,77.3615
94.16,47.64,85.24,72.11,81.52,74.39699999999999
78.05,46.92,62.19,54.78,94.28,59.1135
80.46,49.55,76.51,99.61,81.64,80.3985
93.75,85.06,77.8,94.51,83.21,84.76050000000001
90.88,82.65,72.56,90.88,55.19,77.0895
80.08,52.23,58.96,57.87,83.24,68.51849999999999
87.66,90.82,61.17,98.47,72.72,73.3115
71.67,56.88,64.05,96.46,82.57,69.977
77.37,87.58,50.51,71.78,66.31,71.30349999999999
53.1,69.33,95.85,84.08,79.07,86.0305
54.49,83.89,84.3,99.62,71.2,80.817
91.47,62.88,84.48,70.49,77.93,77.32149999999999
52.98,60.83,78.62,55.65,57.35,69.38
58.47,90.48,84.47,93.39,69.79,88.591
89.79,42.12,99.09,73.82,68.71,76.001
50.06,98.48,69.26,99.35,86.82,88.008
64.12,78.89,85.63,77.54,85.32,83.68449999999999
79.2,65.95,67.98,51.47,95.44,67.96450000000002
79.77,77.68,92.71,74.59,81.6,67.0055
88.86,47.36,92.9,85.9,65.73,68.717
75.3,70.84,95.11,51.3,89.16,64.90599999999999
75.47,99.11,50.27,70.67,74.85,63.9455
86.27,54.12,64.91,57.78,59.67,56.13549999999999
74.93,83.34,56.7,82.15,87.37,79.048
80.42,66.1,72.7,97.87,56.63,77.64150000000001
94.89,79.15,74.77,81.23,58.91,68.838
70.07,52.29,62.8,84.74,87.94,75.3145
69.26,68.23,86.17,69.83,88.51,73.1
50.18,98.81,63.49,78.16,89.54,71.0945
80.67,51.72,92.69,77.19,64.67,77.51799999999999
51.49,78.19,58.88,87.98,93.33,73.8775
75.21,74.54,68.36,92.85,86.13,79.97550000000001
90.21,73.9,81.11,83.14,91.7,72.4385
77.5,76.91,80.27,98.99,85.43,80.582
63.48,70.13,53.9,91.41,78.98,77.1755
89.31,41.02,92.31,56.23,55.47,58.303
63.49,94.01,79.9,75.37,85.55,86.0125
86.65,89.62,93.49,95.16,84.52,79.119
80.51,50.45,93.38,97.2,65.62,78.5265
58.5,64.8,77.3,69.01,86.79,75.97699999999999
95.26,86.23,95.54,86.29,77.52,88.64450000000001
60.03,98.8,92.42,70.53,77.97,74.14649999999999
99.48,97.07,97.91,56.18,68.38,65.334
50.37,93.96,92.52,94.23,55.84,87.23
63.17,49.5,91.06,96.6,60.85,67.179
59.99,94.87,73.47,75.24,88.44,76.4595
50.7,92.71,60.6,50.92,63.57,69.1395
86.62,62.62,95.54,90.8,50.11,78.56500000000001
84.67,63.67,86.13,73.85,99.85,71.99499999999999
89.62,67.59,64.09,53.75,60.53,63.935
62.83,79.37,67.05,59.47,82.77,74.75099999999999
72.22,55.65,84.3,57.61,96.35,70.563
82.96,41.38,73.89,84.31,79.99,71.85
71.99,48.47,54.07,64.97,89.95,61.352
84.87,66.41,57.07,56.38,98.82,62.6355
81.7,56.92,87.28,95.88,93.02,75.811
55.73,85.87,66.43,97.83,77.9,78.3315
89.05,46.4,75.38,56.93,68.19,57.3725
86.03,95.05,88.33,61.51,74.12,73.65199999999999
82.79,93.72,87.56,79.61,92.09,82.0915
57.75,94.53,58.35,57.53,92.67,72.43299999999999
63.4,84.38,54.92,57.93,92.29,61.63799999999999
69.66,46.42,79.56,66.83,79.86,69.78450000000001
64.0,66.29,87.08,97.46,73.85,80.17349999999999
61.39,47.88,57.45,98.12,65.57,66.3875
90.27,99.26,68.6,92.09,50.17,72.17049999999999
81.91,59.98,93.51,84.79,88.22,80.09
78.27,75.12,97.21,86.03,63.85,76.8285
61.3,86.76,72.7,73.48,66.48,66.7885
95.9,95.24,53.98,76.51,92.17,69.333
59.56,85.33,62.88,81.72,52.61,69.0485
89.75,80.47,61.65,86.56,96.38,81.31649999999999
98.33,67.96,61.95,54.84,50.07,62.253
86.35,76.32,74.69,61.24,96.96,72.0095
99.64,45.65,79.16,98.15,72.74,80.743
82.55,93.04,56.13,66.76,55.11,71.76200000000001
60.87,72.63,94.47,63.42,83.71,76.682
60.19,42.41,81.0,71.1,94.79,65.4005
66.23,95.19,79.86,64.55,71.9,73.7225
50.36,69.36,99.36,54.56,84.57,65.7405
84.08,92.12,81.41,60.4,98.97,70.81899999999999
63.43,91.41,96.45,82.01,62.04,73.8985
90.76,88.95,64.31,61.16,91.02,63.714000000000006
67.96,43.68,62.01,82.38,64.76,63.061
74.0,54.82,75.83,55.0,71.32,59.887
98.28,92.53,75.43,52.09,64.09,73.58500000000001
62.11,93.94,61.32,93.08,72.3,74.31300000000002
86.06,67.48,84.98,88.0,50.25,78.924
87.76,66.4,51.48,83.3,65.17,72.1865
61.05,50.51,84.53,51.54,72.26,60.9365
75.05,98.1,72.86,61.97,81.61,68.1635
67.51,52.79,84.45,90.62,81.87,81.3065
88.6,51.46,73.85,57.23,79.19,57.187000000000005
81.12,79.64,98.87,90.64,64.65,83.291
73.8,54.57,66.73,79.21,97.37,74.9375
88.97,96.33,99.13,87.02,69.6,79.61999999999999
61.76,40.65,53.25,82.23,60.84,58.858
87.68,40.35,84.19,70.85,77.73,66.179
93.27,70.29,72.71,64.6,87.45,77.1075
93.93,69.28,91.11,83.64,50.61,81.03899999999999
89.18,49.8,89.48,90.35,63.82,81.29899999999999
70.4,69.67,90.01,52.24,91.25,67.8115
99.09,64.7,54.74,69.0,75.35,65.98349999999999
68.98,93.42,91.12,67.54,70.42,66.655
81.93,40.56,60.7,77.97,96.55,73.23
58.05,98.58,51.28,55.7,54.48,61.082
99.02,77.46,60.89,96.67,80.78,75.029
85.2,49.11,73.96,77.43,67.11,75.133
87.67,42.81,87.11,96.19,53.54,74.524
53.29,72.29,60.93,90.85,60.69,74.7895
88.17,54.09,55.65,59.58,81.4,56.0625
88.74,58.07,82.3,56.62,51.41,64.6225
83.59,54.71,99.19,93.06,79.61,84.9065
64.6,79.01,80.04,76.81,97.84,77.4245
74.48,73.21,84.55,50.99,89.75,66.74849999999999
55.52,44.68,78.06,96.71,67.28,66.02949999999998
73.58,71.59,89.12,73.65,56.91,68.9075
62.19,87.47,98.79,65.05,73.25,76.749
67.45,44.87,77.21,75.83,69.65,63.066
58.13,93.38,70.84,91.15,98.59,81.6195
61.5,74.7,93.02,55.51,99.49,73.285
53.83,97.04,98.49,67.95,70.53,83.11000000000001
96.0,48.89,56.46,65.94,57.44,53.876000000000005
76.52,99.61,78.91,91.98,95.53,87.07249999999999
69.84,78.66,89.62,88.92,89.68,82.0885
76.75,74.05,76.67,70.01,75.56,67.9545
81.41,70.92,70.46,83.22,68.27,79.39999999999999
96.09,41.42,82.76,69.72,72.41,63.6715
58.93,96.38,63.51,78.57,95.09,78.1335
64.78,78.64,67.46,99.56,59.23,72.996
98.79,45.5,99.61,76.78,90.34,73.39699999999999
68.56,41.26,81.82,99.43,50.91,74.80199999999999
51.13,43.05,93.65,87.36,96.03,70.0635
57.38,76.56,90.39,56.04,75.01,72.573
51.32,76.84,82.61,89.8,61.34,80.314
99.5,69.98,92.04,58.06,50.14,70.6825
63.94,58.41,64.36,76.62,77.98,65.4945
96.18,71.9,81.86,80.66,62.22,72.519
99.79,70.98,79.53,94.61,81.56,79.16799999999999
79.99,41.16,81.12,60.52,64.06,56.284
51.66,56.95,58.43,93.8,54.4,72.557
54.08,43.19,63.86,96.72,75.25,64.4035
74.08,94.01,64.33,54.47,78.22,64.499
70.31,83.51,80.1,94.26,72.63,84.9075
80.31,99.77,98.63,62.96,72.9,77.81299999999999
71.94,58.13,97.7,54.05,79.48,67.845
96.7,92.71,61.36,97.93,76.32,83.65899999999999
76.74,76.18,65.24,69.61,56.63,68.629
84.69,67.19,51.8,81.15,59.85,68.37349999999999
94.82,53.35,69.94,77.64,57.09,73.8595
57.34,84.3,91.73,60.66,84.66,78.166
61.49,94.25,95.79,83.48,76.43,80.728
55.37,54.12,61.82,52.31,71.49,60.9955
56.98,50.52,63.29,60.15,89.92,68.0785
75.63,81.77,61.04,97.23,66.29,74.7495
66.06,98.62,67.51,97.68,78.41,73.44200000000001
71.16,85.0,90.24,74.13,53.72,70.982
99.12,57.07,82.34,58.45,87.22,59.116
57.84,65.2,89.3,71.08,84.76,72.52499999999999
77.04,63.06,79.15,93.85,90.12,81.121
54.94,91.13,62.89,53.51,94.22,69.5555
65.92,86.28,61.4,56.39,87.9,62.714
76.38,75.34,50.45,94.78,92.22,82.137
97.33,56.5,89.05,70.77,67.28,72.10900000000001
69.56,96.28,92.36,54.17,67.17,71.09400000000001
53.25,79.2,88.41,56.96,97.22,71.16900000000001
69.41,98.23,53.72,94.12,95.73,87.20649999999999
57.29,74.81,88.11,74.51,77.42,72.16300000000001
61.5,89.27,52.29,58.15,68.33,60.37949999999999
80.9,88.79,55.28,94.7,93.3,74.0805
53.37,60.24,72.02,92.26,66.17,77.074
73.24,97.84,73.81,51.15,57.68,70.65299999999999
80.47,41.32,90.81,79.05,81.97,66.9215
71.09,86.12,83.98,62.22,52.13,65.4415
50.96,97.93,57.67,76.66,68.96,77.3165
99.28,60.33,61.31,63.96,90.38,70.932
68.36,78.89,64.28,65.79,64.76,63.831
88.93,73.73,56.18,80.09,96.57,77.033
66.28,85.69,64.38,76.94,97.79,80.19399999999999
73.75,91.97,86.43,69.76,90.79,74.767
69.42,76.18,62.07,55.38,99.38,67.1245
67.13,88.95,91.77,98.47,76.54,76.218
51.09,58.74,73.48,58.73,78.46,67.368
68.0,53.72,66.15,81.66,91.81,68.0745
94.47,65.84,70.62,54.14,74.64,58.38
84.52,80.66,85.47,84.42,70.34,79.05199999999999
57.27,51.23,75.84,54.74,80.74,67.6865
79.56,80.82,50.36,61.48,82.88,62.9115
94.61,63.65,96.12,82.35,87.54,71.52950000000001
85.0,87.73,53.3,64.15,83.41,67.2855
57.43,42.21,96.93,76.64,87.29,74.247
93.39,80.08,51.41,56.23,83.73,70.923
65.08,78.99,88.55,60.12,74.02,73.29899999999999
72.7,96.46,76.73,86.69,56.75,81.1805
76.31,82.8,75.29,51.76,89.27,70.661
92.53,87.78,53.64,55.59,51.54,65.3765
96.58,94.28,61.94,60.75,99.63,71.9135
96.48,80.5,88.88,51.01,91.42,69.5795
50.4,57.41,94.56,54.77,83.55,72.51400000000001
96.09,92.19,76.46,64.07,98.33,71.25899999999999
52.72,84.85,67.67,54.65,80.62,64.28500000000001
63.29,65.47,53.0,93.31,52.82,63.51049999999999
75.75,82.63,84.11,53.3,77.97,75.0055
74.0,92.06,63.92,93.05,63.86,76.0755
80.24,98.54,52.75,91.14,68.47,72.11
73.97,97.14,83.29,55.04,72.98,77.6695
96.72,59.52,74.29,51.26,88.73,70.805
62.03,65.3,50.6,52.5,75.15,65.575
63.7,46.57,55.55,79.52,73.73,59.437
96.04,54.85,84.96,83.52,65.1,80.8775
53.84,92.95,53.18,81.03,76.99,73.21249999999999
80.48,61.65,93.3,77.07,62.42,63.4605
84.09,77.23,65.57,58.73,63.05,64.114
75.28,79.96,54.43,92.05,87.86,76.092
84.71,86.91,87.99,66.38,67.13,67.2045
58.64,50.97,76.22,99.31,52.57,74.54849999999999
92.63,58.29,65.33,69.24,67.18,68.56550000000001
57.0,66.9,70.3,63.15,81.93,64.958
70.04,61.89,51.07,94.71,90.7,70.34700000000001
53.76,98.97,83.13,78.37,98.1,78.1635
77.26,90.1,68.29,86.09,87.31,86.699
83.49,68.78,85.7,70.42,71.44,67.1545
97.06,92.76,81.41,94.35,64.96,82.3215
86.97,60.86,82.56,95.89,56.48,74.828
77.06,87.15,89.64,71.84,81.38,79.691
96.63,53.42,81.56,62.04,75.49,61.493
73.92,86.34,70.94,82.38,83.89,74.2325
78.06,67.39,69.5,97.73,61.86,76.47099999999999
79.8,46.45,55.98,81.12,66.18,73.7135
70.5,56.4,88.97,97.71,64.6,72.93099999999998
91.92,64.14,88.06,67.19,89.88,74.0125
59.26,84.96,62.31,95.75,58.56,70.0115
77.74,44.38,93.13,55.63,80.42,71.1125
86.11,79.57,79.45,67.94,52.57,73.292
95.2,82.96,73.93,74.72,77.48,77.53750000000001
94.2,79.24,50.87,82.66,53.2,67.102
75.44,85.64,69.14,64.71,58.79,65.024
82.16,50.69,82.03,96.21,55.65,68.071
69.71,75.23,54.49,95.17,67.34,78.748
73.41,96.47,72.98,89.97,67.19,87.98
95.31,76.65,99.67,55.72,91.32,70.45349999999999
96.54,76.68,85.83,53.91,61.28,73.39
94.77,84.19,77.34,74.91,54.32,68.107
56.92,59.99,76.65,88.27,80.18,80.0575
92.5,82.03,52.19,56.16,84.37,65.3505
97.42,94.97,97.87,82.07,64.74,78.351
68.06,40.65,96.41,76.39,80.14,68.8925
75.93,92.21,84.12,86.3,88.8,83.977
88.95,53.12,54.95,71.77,67.38,68.2845
78.1,67.36,60.39,84.66,76.27,71.14750000000001
99.67,91.14,59.2,57.98,57.33,67.0205
72.79,89.43,75.98,60.73,51.18,63.0085
85.7,93.52,60.39,95.17,99.07,79.9695
89.63,96.43,84.79,66.47,64.99,72.028
74.71,66.83,77.26,99.28,63.95,78.7325
92.85,79.38,50.88,52.31,98.66,64.743
77.31,63.43,87.2,74.79,86.41,76.595
70.58,61.04,59.44,66.25,79.26,68.093
55.39,65.9,91.24,99.8,84.97,80.2055
69.67,84.58,67.75,99.5,85.5,87.33699999999999
86.7,70.09,66.93,61.76,88.17,58.973000000000006
96.06,88.84,50.59,63.36,53.36,70.116
62.58,84.71,99.39,87.48,70.64,75.96799999999999
67.76,41.23,80.6,94.48,64.76,78.9145
57.7,77.81,71.14,83.18,53.53,72.872
84.54,66.19,54.83,93.24,70.63,73.35799999999999
98.01,67.4,84.96,53.16,80.81,69.833
82.05,89.1,64.14,82.03,58.92,64.377
80.85,72.86,99.41,85.01,65.25,71.45599999999999
77.67,93.14,97.53,59.52,81.96,74.50999999999999
54.42,82.77,86.76,88.9,78.97,84.184
86.48,73.17,98.55,97.21,93.44,81.2775
80.1,85.27,55.28,94.9,89.56,76.031
83.07,42.3,64.0,62.25,98.28,65.808
94.94,41.63,62.66,66.2,79.86,67.6795
89.2,45.0,53.6,74.98,84.92,63.6285
89.05,66.25,98.61,57.92,93.03,79.248
96.36,54.13,53.0,97.7,92.0,75.497
99.5,99.06,92.83,58.08,85.94,67.814
79.06,72.54,88.41,88.07,75.01,74.7495
55.44,79.74,68.79,67.07,63.66,69.0415
72.96,56.73,50.94,78.69,93.86,70.4685
89.38,59.31,50.3,52.36,88.83,58.09
51.39,60.13,60.2,60.25,91.9,73.5845
52.84,81.92,74.69,72.22,57.04,70.629
53.36,68.42,72.9,83.86,65.74,75.4775
86.55,71.06,79.26,88.88,71.24,70.046
75.06,75.52,88.6,51.51,91.92,76.0955
68.44,86.13,68.87,57.62,94.64,76.56249999999999
55.28,45.42,58.02,86.49,64.24,65.6545
86.61,86.61,90.0,90.65,84.32,90.251
66.05,73.79,66.63,61.83,53.89,63.5735
63.27,80.15,64.34,61.48,70.48,68.103
82.62,59.65,88.22,54.4,74.33,72.3685
77.95,64.56,96.71,57.51,88.28,72.649
68.12,53.87,95.75,50.4,94.6,73.60549999999999
82.07,98.76,56.87,79.49,66.86,78.86749999999999
63.56,69.82,75.16,95.19,76.39,84.593
89.74,99.76,54.64,57.48,82.37,62.931
61.47,69.39,98.05,87.57,66.43,76.8775
57.94,53.19,60.76,78.68,99.28,74.012
89.12,70.45,59.87,97.0,93.79,81.637
85.39,42.38,94.44,89.91,64.82,75.318
59.13,94.29,98.39,92.64,75.4,80.269
55.81,89.11,84.88,81.96,61.54,81.4555
91.92,83.55,56.05,90.57,75.73,82.8515
88.83,76.59,74.29,67.54,84.17,70.0635
66.36,74.79,90.83,60.45,54.28,66.4585
82.91,99.8,78.62,95.63,93.51,76.853
56.21,56.68,56.63,86.72,79.69,69.47149999999999
75.35,86.78,58.59,54.54,99.48,70.14049999999999
50.94,74.88,93.21,93.35,51.28,82.56649999999999
69.58,98.55,76.35,67.45,91.57,67.9845
53.74,89.67,85.29,64.91,89.6,75.107
73.76,99.91,68.65,81.17,56.64,78.9815
71.08,75.3,76.62,78.43,66.77,69.724
72.22,52.27,98.86,76.91,94.24,75.594
52.27,70.22,66.49,62.74,75.92,70.458
68.08,82.67,83.74,97.99,70.06,88.1245
87.82,86.46,58.63,97.51,95.27,81.52600000000001
68.45,40.03,56.09,50.21,54.67,59.7955
85.76,70.3,89.18,66.89,73.66,70.6425
68.47,54.11,92.21,52.28,82.62,62.039
71.16,92.49,83.42,92.51,80.43,75.0325
78.19,49.17,57.91,94.33,63.21,67.5195
97.53,79.99,62.03,75.91,78.17,64.0705
55.44,55.96,95.56,91.98,85.43,75.845
51.65,61.39,64.44,85.17,79.24,76.657
80.4,96.43,90.94,74.98,84.22,82.9315
97.45,54.43,64.3,68.19,62.8,56.809
99.49,45.7,96.97,63.31,91.64,66.46249999999999
74.21,44.16,95.72,62.97,72.48,68.95849999999999
73.4,70.28,52.16,78.1,99.36,71.44949999999999
82.25,78.5,88.52,58.34,51.16,64.096
77.78,59.64,58.47,58.74,69.02,65.253
81.7,81.42,60.76,50.52,59.02,57.465
93.7,43.66,72.99,80.67,77.78,68.50649999999999
87.32,91.44,78.82,99.72,62.16,75.461
74.84,88.99,66.29,94.46,86.87,72.232
73.09,99.13,78.77,85.28,94.09,88.998
81.98,96.19,58.53,89.28,60.54,76.02850000000001
72.79,61.37,51.12,70.84,58.03,63.456
72.89,63.96,78.56,64.9,93.77,75.9025
50.82,84.76,75.87,68.43,68.06,63.807
58.7,48.04,84.48,54.07,71.73,59.937
74.43,58.84,82.49,81.69,61.05,77.904
91.13,47.11,94.87,58.74,71.27,70.701
63.94,67.29,72.97,88.14,61.57,70.993
76.13,73.12,50.42,59.5,83.3,62.6835
67.25,52.67,81.53,61.41,74.94,71.5745
55.24,41.6,83.76,97.87,89.4,72.035
97.91,83.16,76.07,55.27,65.64,61.94199999999999
92.73,41.2,84.47,74.94,75.28,66.108
53.92,98.4,66.18,53.13,62.98,65.524
85.99,53.3,57.44,54.52,96.72,58.1015
67.38,79.83,83.23,81.68,76.1,76.76299999999999
99.74,66.09,62.26,81.54,58.67,73.8565
65.12,43.58,72.82,59.66,63.64,62.42699999999999
61.94,68.33,74.58,93.62,54.15,69.625
78.39,71.01,73.86,85.11,51.39,69.67999999999999
91.76,91.28,79.92,65.03,76.3,77.92150000000001
59.63,83.94,51.47,62.42,66.86,56.806
85.47,44.76,99.48,87.71,98.19,71.8705
53.07,52.55,85.82,86.68,58.57,71.25150000000001
95.95,58.71,71.27,57.44,89.7,59.664
54.05,46.98,59.57,67.46,65.8,67.02799999999999
95.71,67.41,54.01,60.83,61.18,61.995000000000005
74.54,99.06,83.61,64.71,98.48,72.33149999999999
72.4,70.88,65.85,64.38,90.13,73.81899999999999
98.67,84.51,61.47,98.8,81.53,79.595
99.52,80.98,69.0,87.51,84.86,69.5385
82.51,90.99,79.65,89.0,99.57,77.2555
56.36,52.94,83.59,63.87,79.66,71.6915
75.31,85.23,82.26,50.03,55.1,57.605
76.46,92.88,93.16,52.91,53.24,68.173
75.72,50.29,60.94,77.65,83.33,62.7225
78.47,60.81,81.84,64.27,82.88,65.679
50.94,98.21,55.06,59.65,87.41,71.954
85.56,86.85,77.4,52.48,55.44,68.993
85.62,56.96,79.2,93.79,97.25,80.2985
55.77,73.84,60.81,80.01,77.56,75.01650000000001
78.51,64.26,69.58,55.37,82.48,70.3675
78.42,69.4,91.36,88.32,51.74,69.679
84.12,61.31,57.42,87.79,98.05,67.494
54.27,56.76,71.73,64.47,78.13,64.8875
81.33,80.49,96.64,59.42,78.17,70.36
64.04,86.71,75.21,90.7,97.18,79.551
75.35,92.44,86.26,66.48,96.47,70.4835
88.67,49.32,91.34,92.37,61.01,69.4635
85.28,89.37,60.19,52.18,96.55,68.8455
55.95,55.29,60.91,74.96,86.83,77.346
79.56,65.64,87.93,58.98,50.95,65.6545
98.46,94.09,87.67,83.6,61.99,69.99799999999999
57.84,67.27,53.01,99.86,70.65,77.02250000000001
92.65,51.82,66.12,70.63,79.14,61.5565
85.13,49.59,69.93,55.02,85.07,57.2985
88.7,68.38,91.45,65.88,60.51,65.90950000000001
64.1,85.76,71.09,94.58,91.84,82.943
64.39,99.83,96.3,88.29,92.29,88.488
95.3,87.24,99.83,61.61,81.75,74.6935
67.99,92.62,89.04,97.68,96.05,82.50050000000002
53.15,84.87,83.32,81.11,90.65,73.91400000000002
80.03,93.73,69.59,58.4,61.08,61.381
56.24,44.58,53.35,78.62,89.93,74.7085
89.83,95.8,78.66,72.56,97.66,78.4555
82.09,63.78,68.09,90.98,56.88,64.0275
93.74,95.3,67.54,67.21,98.93,74.757
89.24,44.54,84.39,93.75,51.25,71.797
55.61,82.91,73.18,90.6,76.11,87.00200000000001
69.05,84.14,87.6,83.73,88.69,82.32900000000001
88.73,99.81,69.91,62.93,89.52,68.56899999999999
70.87,86.13,57.54,98.52,86.73,83.83699999999999
98.62,62.95,73.07,77.43,76.47,71.5215
86.79,73.43,97.55,95.38,82.55,79.711
50.77,61.99,90.08,60.79,85.0,74.3575
94.0,51.76,60.29,99.17,74.73,72.5265
55.04,54.91,69.57,90.8,79.78,66.14999999999999
57.03,53.32,96.39,97.46,92.32,83.9815
86.72,72.93,56.18,60.62,65.64,68.4015
93.25,94.37,62.7,71.53,76.16,68.823
76.82,94.76,63.11,54.88,50.42,61.30649999999999
64.45,43.29,78.55,56.85,84.37,63.950500000000005
67.57,44.79,70.54,64.2,59.77,58.43899999999999
67.14,54.71,53.99,97.58,74.05,78.12899999999999
66.33,55.3,81.46,83.36,60.51,64.7205
62.15,45.69,54.95,65.73,51.18,54.520500000000006
80.44,63.31,80.32,97.73,74.16,70.53699999999999
95.02,75.26,75.35,86.99,71.24,78.015
65.35,74.69,74.68,95.35,71.26,81.75399999999999
59.33,72.61,53.37,96.36,60.44,72.244
91.93,60.32,81.96,87.54,97.36,74.805
87.09,82.39,71.57,62.16,50.18,72.19999999999999
96.54,89.59,70.56,99.83,94.58,75.4045
58.28,60.78,79.82,66.25,86.85,64.42
57.21,45.13,80.31,83.59,58.6,60.4455
77.07,57.78,50.75,92.24,73.61,66.085
80.72,48.24,56.26,58.76,99.44,60.277
74.01,68.04,61.83,80.45,82.18,65.186
79.95,49.36,83.9,68.76,56.37,62.609
59.02,67.77,78.84,62.21,72.88,70.6375
73.98,53.26,87.88,50.59,73.41,56.559
82.9,84.32,87.03,93.6,90.11,86.941
71.64,41.65,92.66,56.79,95.81,69.4345
83.97,73.28,68.84,93.91,54.11,72.6995
72.56,50.17,67.25,80.03,65.7,69.6695
66.68,40.06,91.55,81.05,64.92,70.556
65.18,92.15,61.88,91.43,99.8,74.6035
70.55,80.29,73.06,75.47,77.96,80.267
51.15,45.94,59.72,67.86,93.99,65.676
83.43,79.84,95.69,56.94,71.3,75.949
92.26,76.7,70.39,78.52,86.14,78.55600000000001
67.73,68.4,60.62,77.66,64.33,61.9265
52.3,65.16,84.6,64.69,95.59,65.735
99.34,93.22,62.23,80.0,72.76,67.1635
63.18,54.71,97.18,71.97,90.19,78.386
56.33,63.9,68.38,90.28,62.79,78.8275
68.49,59.75,83.23,77.97,84.68,72.906
86.93,86.27,67.26,96.68,70.26,75.50200000000001
64.7,94.99,90.36,75.9,51.57,70.5495
78.74,90.99,94.85,94.37,70.65,89.8995
70.78,87.86,89.4,76.03,77.5,83.9355
55.89,99.21,92.42,77.9,57.59,71.816
66.51,81.83,55.09,68.34,59.2,62.0025
86.24,85.06,96.2,70.01,73.24,74.90599999999999
80.6,98.97,81.22,96.66,67.14,75.553
55.99,40.42,93.46,61.16,72.04,69.269
58.17,78.04,84.22,56.07,73.04,66.95150000000001
82.04,84.34,60.09,91.51,57.0,78.47500000000001
90.67,95.07,80.48,78.85,59.06,72.411
67.47,93.03,54.55,64.23,92.41,69.0195
79.77,90.52,84.79,71.62,58.14,70.129
58.53,96.75,70.45,76.25,83.3,78.7525
65.57,72.24,57.59,79.61,70.93,74.408
51.01,40.42,98.96,91.05,98.41,76.99799999999999
88.41,40.66,95.05,69.72,53.31,63.17100000000001
70.05,72.68,94.68,83.83,91.52,71.83749999999999
90.81,66.12,89.44,91.74,74.57,73.4305
85.42,67.07,84.6,92.19,50.27,77.3995
91.44,64.02,82.75,62.71,63.18,67.9565
64.28,95.06,55.3,67.51,70.38,68.4325
59.26,61.55,95.03,79.75,65.71,77.1455
98.6,91.37,94.06,94.29,68.12,85.461
85.87,94.17,87.39,89.52,95.83,82.1005
91.7,69.97,96.37,79.2,68.05,69.616
50.66,66.82,77.65,99.19,70.94,84.4015
67.72,85.66,72.38,71.95,88.06,75.84450000000001
87.14,82.48,98.4,92.12,89.69,76.2895
53.9,59.71,73.21,90.92,54.2,76.7515
78.37,46.15,82.07,95.4,85.2,73.103
71.45,55.89,68.65,99.38,74.13,81.10799999999999
50.88,47.86,81.82,74.78,56.69,73.72749999999999
61.8,57.68,86.0,59.78,63.24,66.4075
64.24,55.71,81.23,73.04,52.25,72.78300000000002
55.59,78.26,75.73,92.69,68.01,71.8365
81.58,97.27,65.01,91.81,62.77,80.362
62.12,81.14,82.19,66.8,69.11,74.8555
63.88,95.6,95.42,52.37,79.02,74.4285
94.91,87.05,50.35,75.49,86.62,72.54650000000001
73.36,83.67,56.7,73.71,80.27,77.3355
69.61,64.84,55.99,54.29,83.92,60.446000000000005
86.19,59.49,96.16,89.74,93.28,71.485
95.48,90.78,83.14,64.18,93.69,75.616
51.25,94.32,97.59,82.29,93.04,90.09
72.41,67.11,79.14,55.07,57.66,71.837
80.54,40.54,73.09,93.04,62.55,74.6965
65.93,87.55,89.62,86.96,75.12,85.09299999999999
88.62,57.1,58.05,69.42,67.94,67.9325
98.57,40.59,69.07,81.47,56.58,59.143
97.17,88.3,73.31,59.37,64.39,72.0865
63.3,71.04,64.92,99.27,98.77,74.897
61.32,81.11,68.56,89.81,67.35,69.8585
97.87,94.88,53.91,89.45,70.95,74.43350000000001
72.93,72.47,59.9,57.67,50.32,59.306
60.41,70.19,66.77,50.89,85.97,62.563
85.35,57.44,89.79,79.27,70.68,68.05349999999999
64.22,58.31,59.12,57.21,55.16,59.011
63.36,87.79,67.33,89.02,98.43,71.95200000000001
93.96,66.94,53.25,70.8,88.87,67.29799999999999
58.12,49.81,77.86,66.93,86.31,72.24549999999999
53.22,45.67,80.56,53.68,97.89,68.775
63.46,68.38,93.28,99.8,70.37,85.49849999999999
80.35,67.9,90.96,97.8,85.93,81.4395
56.15,79.21,64.27,56.58,60.31,67.5445
73.58,68.26,56.85,66.64,84.86,66.09700000000001
81.37,48.61,57.8,69.54,50.7,55.801
92.44,70.47,98.45,64.84,56.32,71.33200000000001
61.49,94.41,83.66,96.72,71.26,85.02000000000001
90.87,49.57,52.13,86.07,50.6,71.98599999999999
61.75,81.39,56.84,97.8,73.1,79.84200000000001
83.84,75.63,74.29,93.73,76.14,74.99849999999999
71.53,84.92,60.39,87.73,81.08,82.771
55.73,49.04,90.18,84.85,55.02,71.56
85.71,96.5,78.66,93.31,59.05,82.85199999999999
60.89,77.26,80.63,84.21,80.66,81.875
58.83,90.82,73.14,59.44,82.91,66.37449999999998
67.92,54.8,62.8,82.41,51.3,61.5505
82.66,84.36,79.47,75.75,77.02,71.609
61.7,86.86,85.85,99.09,89.25,78.836
59.18,63.85,68.55,75.5,53.46,63.581
50.5,63.04,75.25,51.92,70.66,63.508
73.58,79.47,91.98,63.21,66.33,75.636
71.43,45.6,57.43,95.87,95.68,80.4785
61.69,84.14,77.26,98.12,59.29,83.84
52.68,42.57,67.42,86.42,65.92,61.949
71.46,51.44,85.14,52.84,94.92,62.346
89.41,79.85,50.94,51.18,66.53,65.8505
85.76,45.9,83.52,73.98,76.57,63.75399999999999
93.04,98.31,55.14,99.98,51.65,80.489
50.48,92.1,53.24,93.46,99.25,88.0765
98.32,77.58,86.23,96.66,91.25,81.84700000000001
67.07,89.14,82.02,81.18,81.72,81.71249999999999
99.52,93.25,94.75,92.96,53.04,75.7995
62.63,55.57,75.98,65.98,53.74,70.063
73.58,90.96,76.5,51.37,77.25,62.4525
67.7,51.69,85.35,95.91,64.25,70.69149999999999
67.79,64.8,66.17,60.92,81.14,69.948
92.11,73.5,51.85,86.42,79.91,74.802
87.32,82.83,61.5,82.95,91.93,76.325
99.61,41.81,61.9,57.91,64.07,57.86149999999999
80.68,57.43,66.78,59.79,78.89,66.045
73.16,76.51,97.17,66.45,88.87,80.1815
54.5,61.44,90.24,87.85,74.54,81.7585
99.83,86.5,96.8,51.96,91.53,79.456
77.58,79.1,99.93,70.35,56.56,78.148
85.02,54.06,71.69,83.26,86.69,74.857
70.34,48.76,61.35,58.57,97.15,63.915000000000006
77.39,77.74,78.0,55.97,66.59,61.18599999999999
97.13,67.03,94.06,69.51,68.32,65.921
58.32,50.14,73.29,64.33,54.18,67.6815
64.62,59.58,75.27,82.45,82.07,78.9145
57.6,58.18,56.72,98.48,77.62,76.88850000000001
89.61,46.49,71.02,50.22,52.02,58.217
53.1,72.81,69.35,95.12,87.61,72.576
54.08,85.82,67.58,71.66,91.46,72.6365
64.92,74.53,94.36,83.2,95.36,77.1495
75.71,89.58,52.97,92.55,77.29,79.139
70.31,47.65,98.61,78.67,72.63,79.123
52.24,66.14,50.41,54.87,93.81,58.5445
97.87,76.56,97.28,57.03,69.93,71.3505
97.64,80.56,77.4,89.46,82.77,77.15899999999999
63.97,81.75,85.12,61.45,80.77,81.375
86.58,83.74,59.36,78.45,68.61,75.8735
78.93,79.09,82.71,71.4,54.34,69.8165
61.87,45.65,94.1,65.18,51.07,71.2585
63.11,81.72,56.97,89.35,71.41,73.36949999999999
74.56,83.49,56.35,86.56,74.06,70.4225
70.96,99.61,65.2,82.31,91.13,76.89
64.56,81.6,58.09,68.63,70.72,66.45700000000001
90.38,81.21,55.53,61.32,64.06,68.023
74.07,70.89,83.92,75.79,73.1,79.536
82.74,92.08,60.69,90.86,61.9,79.81099999999999
59.46,99.81,83.35,78.78,54.57,71.2925
76.68,86.74,93.1,98.51,55.65,81.1565
65.9,76.75,82.6,50.77,65.96,60.3295
76.32,44.74,55.97,99.92,50.63,66.113
89.04,83.6,78.68,84.57,61.01,67.559
88.45,82.51,69.68,91.63,89.38,78.378
67.71,86.53,67.17,66.75,61.73,70.803
84.71,47.47,65.93,75.42,55.54,70.3875
97.06,79.22,96.47,89.85,97.45,77.54599999999999
81.28,57.74,87.13,88.03,81.12,73.8415
57.42,85.62,56.69,66.7,53.0,65.40899999999999
83.99,54.42,73.8,66.22,53.11,56.88
55.25,81.04,65.91,83.14,80.61,72.743
93.61,57.7,98.9,96.68,77.01,78.24000000000001
75.83,40.54,98.9,71.94,53.42,67.69749999999999
69.26,78.0,65.98,67.65,61.22,73.129
52.85,46.8,67.61,94.73,96.45,74.908
69.04,79.56,79.97,84.15,78.6,80.0695
95.16,95.54,73.97,69.41,72.02,68.0415
51.05,98.15,60.66,52.86,62.51,72.3955
73.73,54.16,83.02,86.07,56.68,66.196
96.56,88.56,66.71,67.64,70.13,64.008
69.74,61.21,82.69,53.53,96.12,59.5485
71.41,94.03,69.18,80.61,52.44,71.1885
78.93,87.25,85.01,66.15,99.55,74.799
73.15,44.44,83.39,66.92,60.39,74.55950000000001
58.43,64.43,75.44,73.96,70.44,76.2825
50.93,60.24,85.24,85.87,52.25,70.2605
80.49,87.11,73.05,63.82,79.24,73.88650000000001
96.04,64.62,55.81,54.05,74.18,63.71249999999999
55.32,81.08,59.11,71.22,83.34,73.8635
60.55,76.15,62.3,52.75,77.13,68.423
68.51,98.54,53.16,84.86,69.91,77.139
90.44,96.27,85.57,97.96,86.89,85.81049999999999
63.46,65.66,68.37,82.94,51.25,72.8715
94.1,83.41,54.68,63.77,77.05,59.572
52.75,89.77,91.0,59.09,55.69,64.999
97.05,93.93,84.18,61.64,71.8,74.3935
78.04,44.09,72.61,61.08,89.56,70.6925
82.94,58.12,62.37,65.69,57.12,60.6275
68.38,59.21,57.59,54.87,96.79,68.5075
89.1,66.07,72.92,94.79,94.43,73.5485
58.33,50.16,94.26,94.26,70.75,77.39600000000002
52.45,69.77,59.42,80.76,50.3,66.309
69.78,79.79,78.43,53.1,89.49,74.642
92.68,69.84,98.08,90.2,94.04,78.277
87.75,79.95,81.86,53.09,58.74,66.89500000000001
75.86,43.99,72.0,55.32,95.81,58.783
78.61,92.56,85.82,66.26,95.7,74.47999999999999
56.49,96.34,91.23,71.57,73.56,80.85249999999999
92.03,77.07,79.53,67.69,89.9,68.28699999999999
89.35,92.88,93.59,58.26,72.25,77.37599999999999
82.82,47.89,75.73,55.61,78.2,66.866
73.31,87.85,91.5,92.97,65.99,73.9075
98.22,47.15,97.6,68.16,57.97,72.33999999999999
93.95,64.48,75.06,60.93,87.33,63.548
82.22,59.43,80.25,74.35,50.07,64.434
68.59,75.14,80.47,51.84,78.98,67.764
80.9,58.09,89.07,80.01,93.23,80.88
78.77,78.24,91.15,62.42,61.06,70.988
69.71,62.04,51.36,79.91,66.64,62.2345
65.33,91.65,86.67,80.71,79.37,87.298
70.35,78.03,89.19,90.46,62.34,80.44
78.7,52.92,85.02,61.5,92.37,66.208
71.41,60.17,85.68,73.17,68.33,69.72399999999999
63.18,90.85,52.07,98.09,79.08,72.8155
88.05,63.19,72.1,86.36,61.31,69.29249999999999
76.57,72.15,90.91,98.77,52.07,78.5795
53.38,78.94,96.7,96.37,58.69,83.6785
68.42,60.87,61.47,80.54,52.31,61.9165
94.25,57.64,78.96,63.2,73.43,72.238
87.76,68.52,90.22,87.85,79.33,75.9565
66.16,52.89,87.62,84.91,52.23,71.99249999999999
96.91,57.05,80.94,79.44,54.52,66.345
53.83,43.72,50.93,84.89,74.28,64.185
98.06,58.24,86.19,80.68,89.96,72.582
62.29,59.24,88.66,75.97,81.4,77.451
50.45,97.71,86.14,70.8,55.24,74.3865
71.69,75.38,88.29,52.24,94.38,64.148
67.95,87.24,71.55,93.28,95.87,72.227
76.95,42.72,99.69,93.28,66.25,74.958
89.84,46.39,88.54,79.7,80.8,66.632
92.12,88.87,78.93,63.39,74.62,73.24900000000001
70.06,77.41,96.71,51.41,97.1,68.2885
71.49,51.46,95.41,50.07,75.44,67.228
57.41,64.29,90.73,53.65,98.0,76.703
52.38,72.32,78.18,67.99,59.97,67.559
82.06,90.62,76.36,59.42,67.28,72.071
53.22,43.62,66.44,63.25,89.07,65.86099999999999
86.69,75.8,62.54,84.98,89.18,82.7955
76.95,83.02,75.62,97.96,86.61,76.71000000000001
59.93,98.67,78.89,60.34,92.98,77.569
76.98,88.43,62.23,73.28,85.13,80.5685
59.15,56.57,96.13,99.57,81.8,77.5635
71.94,82.57,77.86,96.58,72.95,77.17599999999999
89.98,85.8,76.33,67.62,73.35,79.94550000000001
73.1,83.78,71.78,65.98,70.31,72.44399999999999
57.43,89.21,52.9,62.11,81.01,66.5305
86.19,94.22,94.12,57.77,70.33,75.2775
59.34,45.91,65.85,73.0,57.37,59.8735
86.93,46.29,82.12,67.06,55.33,60.4725
73.97,87.78,80.37,87.24,96.22,79.2965
72.69,55.14,79.22,61.84,51.24,66.6675
92.57,43.51,76.29,86.82,55.27,73.678
85.43,64.07,59.07,64.41,72.27,63.961
51.65,89.19,64.03,79.64,63.15,76.7
64.81,47.59,76.21,81.92,70.29,69.23
93.55,80.31,89.47,83.59,55.87,77.976
50.92,40.22,71.6,58.77,56.55,55.4365
77.26,46.58,60.2,64.14,90.03,62.9695
86.39,61.05,54.4,62.31,87.96,69.56899999999999
81.09,45.02,83.15,78.81,55.21,63.959500000000006
88.03,90.75,71.17,53.79,83.39,72.7065
86.28,91.84,56.27,75.91,80.47,69.334
84.6,85.33,83.72,54.37,85.67,62.328
91.08,54.55,60.38,66.85,73.72,56.70649999999999
82.28,71.39,75.45,84.34,63.5,75.0505
70.12,51.05,65.31,70.63,83.18,61.761
73.6,56.88,96.58,64.02,68.57,70.1545
85.84,70.96,61.41,80.79,60.95,75.125
93.82,84.1,71.0,87.01,70.43,74.64349999999999
63.61,45.68,97.97,62.73,88.16,71.0975
67.1,57.8,65.94,64.97,73.79,63.188500000000005
96.54,95.6,82.23,82.01,64.99,83.9965
78.93,65.75,65.84,98.26,91.59,76.7755
58.95,96.33,55.53,60.69,94.08,66.03399999999999
83.18,99.48,81.38,82.71,71.66,77.233
99.54,71.6,95.8,95.33,68.73,83.5045
91.17,57.28,72.63,73.1,80.63,72.8595
87.29,87.45,81.31,65.84,52.9,78.04599999999999
60.4,49.56,80.44,83.34,84.57,79.5265
93.81,55.12,70.75,51.57,89.11,62.3725
76.29,87.09,80.74,68.01,69.87,74.132
94.46,66.02,62.97,62.9,58.73,67.41149999999999
66.49,52.09,68.9,61.23,51.44,65.589
53.1,79.07,72.12,58.99,81.86,63.67399999999999
73.8,83.97,93.2,86.85,63.45,76.258
63.49,47.5,67.42,97.75,73.19,77.7495
85.76,56.62,81.76,69.24,69.32,65.7035
97.86,53.28,60.67,52.46,58.74,56.177
84.55,62.79,62.63,85.95,75.42,78.8325
94.35,85.81,82.42,76.91,72.98,78.588
72.65,82.82,88.12,86.18,81.21,75.8385
88.58,79.75,73.11,82.4,62.59,69.2955
92.15,40.38,66.75,95.27,60.73,70.1585
85.54,48.53,95.51,57.02,90.72,75.374
75.39,53.4,56.79,58.46,85.11,69.49249999999999
81.29,56.32,86.04,67.08,88.61,76.504
85.03,48.79,84.51,74.57,56.16,66.177
62.65,64.62,84.51,96.29,61.2,71.59900000000002
90.48,44.51,96.77,95.35,78.78,80.8675
97.52,85.0,86.41,93.59,92.86,80.5645
73.26,87.26,65.08,61.13,94.61,70.566
85.05,74.46,67.67,86.48,91.6,76.37849999999999
86.85,45.38,69.56,69.17,52.17,64.73649999999999
83.11,93.4,51.54,96.56,91.04,87.013
77.36,97.94,95.68,60.73,94.95,68.2895
94.08,52.14,53.68,57.06,52.84,61.4375
72.45,82.28,84.99,92.12,70.81,76.495
53.06,90.52,86.51,85.85,76.83,81.195
92.23,72.39,92.19,91.07,61.64,82.8395
83.7,59.4,77.67,57.9,75.83,57.956
92.46,68.71,86.26,94.24,94.3,77.0375
56.93,70.74,65.14,83.88,93.35,72.4635
51.54,64.04,87.28,82.58,96.99,71.67099999999999
96.72,95.79,67.17,79.13,74.21,78.2115
57.39,84.63,95.14,88.24,70.53,75.44800000000001
90.48,54.48,58.17,70.78,83.29,66.4055
91.16,75.13,65.79,56.64,70.84,61.709
85.44,81.32,74.94,76.96,52.1,70.5195
56.56,48.41,88.79,87.41,86.0,79.4805
83.37,61.51,87.44,57.68,64.05,64.95649999999999
94.45,94.33,60.54,61.2,52.45,68.96050000000001
71.28,74.03,57.21,84.83,51.03,76.9605
70.68,53.02,65.2,63.48,96.57,59.2265
72.14,47.37,74.19,58.5,62.6,63.664
54.11,71.09,76.95,94.47,72.39,76.1185
94.6,72.86,71.46,58.04,97.53,61.598
93.46,60.06,83.15,67.21,73.38,67.6225
99.9,77.82,71.38,71.42,53.93,63.07899999999999
79.26,44.12,97.32,73.81,77.6,77.279
87.56,48.71,63.05,68.07,54.41,53.4135
60.13,72.78,81.37,95.63,54.75,70.2115
83.38,43.71,80.57,82.93,92.57,71.238
82.49,92.85,64.08,67.97,64.47,72.98750000000001
95.06,48.53,70.58,67.89,83.93,70.089
91.54,80.44,68.27,75.15,75.45,67.3115
96.92,63.47,58.62,51.68,61.12,66.307
93.44,63.99,73.86,96.33,75.89,85.213
93.43,85.89,69.33,61.17,53.45,67.07900000000001
53.19,69.97,58.92,84.88,67.36,74.321
92.3,83.54,72.49,88.89,76.14,78.488
80.37,70.31,71.09,91.37,61.42,70.47550000000001
69.02,75.57,56.57,58.28,83.01,60.7585
52.83,85.64,56.56,76.83,52.59,62.2855
83.88,76.44,82.38,54.18,74.24,73.7585
66.41,76.94,85.33,90.24,85.75,76.58250000000001
73.39,87.35,97.06,74.32,71.5,79.89999999999999
84.09,96.95,54.35,57.92,93.73,64.739
95.59,62.6,55.89,85.93,81.61,72.591
91.27,74.63,52.59,66.56,97.92,66.638
72.53,45.18,76.61,55.73,64.21,66.9685
69.39,61.53,81.14,73.05,96.94,69.34200000000001
61.99,64.72,70.18,61.76,80.34,74.3745
68.62,90.11,89.9,97.51,87.26,89.598
55.55,70.8,84.33,68.07,95.11,73.994
98.56,83.86,99.29,78.62,77.56,72.9745
78.7,41.14,56.89,97.42,93.11,68.12899999999999
56.39,67.87,52.92,69.69,77.08,71.7485
67.64,94.08,63.74,67.91,79.96,66.00200000000001
77.35,53.46,50.95,58.12,72.25,57.3475
76.64,41.89,96.63,96.92,57.28,74.087
51.78,66.0,65.2,90.04,77.68,69.53750000000001
97.54,82.27,77.62,61.05,98.87,68.5555
63.77,67.27,65.9,66.63,89.36,71.958
50.81,67.6,62.29,95.75,87.37,77.12299999999999
53.82,80.19,57.62,76.86,82.17,66.84899999999999
79.01,55.26,66.02,77.82,67.4,66.4755
56.89,85.11,80.77,82.41,58.48,73.073
52.09,49.19,98.58,88.11,61.23,80.33399999999999
68.98,63.75,77.9,96.96,50.32,69.41
81.14,79.36,76.64,90.11,83.67,81.74499999999999
55.59,89.7,51.76,96.73,90.59,77.18949999999998
65.67,87.49,92.0,91.03,63.45,76.79249999999999
70.89,83.3,52.24,52.32,54.59,57.861
57.97,61.55,95.31,55.88,66.79,61.6045
75.3,47.34,76.93,94.24,64.6,81.0375
54.26,53.01,58.42,51.38,72.54,58.5125
52.33,91.89,72.59,89.71,63.21,80.8935
75.99,91.44,99.75,92.49,66.99,90.3845
62.39,97.09,65.25,70.77,95.38,77.715
54.77,44.56,63.47,67.74,66.74,59.258
71.2,72.21,55.9,59.72,89.28,64.8455
95.76,78.92,79.86,52.45,81.29,74.346
86.21,82.64,54.46,87.27,66.88,78.424
90.78,78.63,88.3,53.69,90.89,74.04050000000001
93.6,86.2,95.96,97.23,79.75,81.62049999999999
98.63,61.57,96.59,64.84,50.43,71.71900000000001
88.16,50.77,55.4,89.71,53.44,70.6575
80.42,52.28,77.91,52.98,87.63,59.75299999999999
68.27,40.72,54.86,76.81,72.33,65.8005
59.08,61.02,78.6,67.45,70.28,67.6785
84.33,45.5,90.75,51.5,57.29,53.9015
99.75,59.29,76.89,82.79,57.87,73.446
73.37,77.69,93.6,97.16,89.89,80.553
86.18,93.67,90.08,50.54,91.45,71.6445
74.75,90.38,63.83,63.52,78.0,69.28500000000001
71.6,55.16,81.51,85.18,64.76,68.033
70.52,48.04,50.37,93.56,96.64,73.70349999999999
75.23,51.58,69.8,59.54,81.2,70.009
68.34,98.26,61.9,53.54,89.83,68.589
87.44,72.97,96.86,50.43,50.16,61.6645
93.71,50.95,70.27,60.76,72.52,67.41799999999999
94.14,90.44,82.7,53.57,93.55,66.547
61.38,63.71,86.6,67.97,66.91,61.756
94.8,93.95,88.66,72.01,86.33,72.70500000000001
67.08,55.64,86.79,74.0,82.88,63.855
65.47,63.59,64.46,57.12,57.61,59.737
86.34,70.3,84.3,73.2,88.75,72.855
65.23,93.56,77.45,50.45,55.63,59.862
52.65,92.13,79.87,61.97,86.4,76.276
68.68,74.46,50.04,68.45,99.55,63.03
86.07,53.31,62.91,55.92,97.9,69.11399999999999
66.35,64.2,96.53,90.7,90.01,81.38300000000001
81.48,98.54,64.5,60.06,76.73,62.487
83.01,76.47,71.9,87.74,83.74,85.2715
86.69,86.87,59.33,73.69,86.41,71.88799999999999
94.86,66.99,56.93,73.99,50.42,63.082
71.63,71.92,60.43,82.26,55.12,68.4225
58.32,65.74,77.68,52.21,79.85,70.74849999999999
65.95,82.18,95.95,53.94,50.33,68.6545
71.61,91.09,66.31,66.34,95.45,70.022
85.69,70.44,66.17,70.84,74.48,62.429
50.66,68.85,78.21,71.5,62.89,74.82799999999999
65.79,60.42,67.84,83.84,69.69,68.285
88.99,50.63,95.52,50.04,92.54,59.871
83.54,96.35,68.89,97.96,96.36,84.8275
86.59,58.96,74.52,58.72,55.81,67.8115
90.59,88.04,76.67,62.43,88.9,67.453
89.16,82.92,89.1,95.28,78.91,77.2955
84.11,87.46,78.2,50.27,79.28,73.9305
71.98,96.21,61.96,99.57,88.97,78.27099999999999
99.18,77.4,56.2,51.8,61.14,63.599
78.45,93.88,96.89,56.03,76.55,79.90950000000001
60.14,50.06,90.08,62.01,65.97,69.741
64.64,77.6,51.15,71.94,54.73,59.44
84.68,86.34,91.08,75.92,55.25,74.06649999999999
96.24,56.3,79.53,55.24,56.82,59.0385
58.94,84.45,75.94,53.68,80.74,75.779
54.12,86.71,50.61,51.59,55.29,71.37899999999999
94.08,89.87,89.04,62.84,78.51,71.5295
95.76,58.77,59.9,96.08,79.41,75.3355
63.82,80.9,86.4,69.49,95.19,80.08099999999999
68.86,58.26,50.79,88.2,81.32,65.11449999999999
83.01,84.34,89.82,59.51,99.28,69.05
66.5,67.78,51.15,53.23,51.55,53.011
93.86,75.85,61.79,77.71,85.21,69.44
55.38,64.95,63.41,91.1,51.32,79.60849999999999
51.9,49.72,57.88,94.92,86.47,79.65299999999999
60.42,50.68,74.05,77.31,69.29,64.4915
64.3,44.65,64.18,64.7,80.57,57.081500000000005
55.65,77.08,99.66,55.48,65.48,66.293
53.28,90.92,79.0,83.39,57.96,81.116
87.78,41.25,78.32,64.02,86.18,69.127
58.21,43.97,61.04,92.2,95.23,75.012
95.7,67.45,70.43,80.26,59.18,72.99799999999999
68.4,84.26,56.2,92.94,96.04,71.0025
83.53,49.46,88.13,78.33,57.01,67.9785
61.27,56.3,66.56,88.59,86.78,82.969
62.02,53.92,87.6,64.72,97.97,62.3335
78.74,63.94,68.58,75.15,57.37,69.3775
78.03,53.5,99.44,50.97,71.75,62.512
88.44,61.16,58.56,80.39,66.87,68.9645
87.89,83.71,50.08,76.69,69.42,70.825
83.53,76.66,79.74,87.76,87.66,81.9415
72.46,44.87,97.65,86.45,83.06,82.70649999999999
94.53,78.26,82.35,81.38,98.43,78.5185
81.13,68.62,54.29,52.83,59.27,59.9925
99.51,96.07,77.02,95.15,77.16,72.9245
90.97,57.36,95.47,50.9,72.46,72.273
52.22,83.57,50.33,90.16,95.94,71.3445
66.03,83.85,58.35,73.97,50.53,73.4015
78.59,53.29,90.73,90.9,99.46,74.12899999999999
86.07,94.19,94.7,73.25,73.99,70.425
77.52,69.47,85.36,82.35,81.28,69.905
89.31,80.73,99.58,68.16,68.0,83.5645
64.13,48.75,54.51,87.18,92.63,70.5435
59.2,55.47,77.28,62.71,78.1,60.218
52.7,75.17,84.25,85.97,83.14,70.1505
78.67,59.14,85.13,59.67,82.45,65.75649999999999
84.43,69.98,89.67,86.11,68.2,69.0505
66.31,62.44,95.88,64.68,53.8,71.1345
80.68,78.43,68.08,63.93,90.39,63.8445
52.61,69.23,52.15,90.57,64.49,70.21199999999999
54.96,40.28,68.12,90.68,92.45,68.31649999999999
85.09,78.98,83.58,84.57,80.43,78.0405
68.4,65.33,60.67,96.2,67.69,75.854
83.57,60.5,90.5,57.81,79.71,60.279
91.59,45.65,60.99,63.47,82.27,60.794
92.63,53.22,50.5,64.7,85.33,59.7285
58.61,53.43,75.4,65.26,91.12,62.7445
74.31,96.12,86.32,66.4,57.99,76.4075
86.7,65.95,67.48,84.85,97.21,74.343
88.7,42.52,87.44,63.54,70.54,67.105
89.23,48.33,71.92,64.3,93.02,62.752
61.41,44.74,58.59,78.52,61.02,59.4625
59.63,75.33,54.53,59.67,51.45,60.06
79.5,51.2,85.53,68.24,78.67,70.486
87.05,69.91,69.29,52.9,66.23,60.653000000000006
65.96,62.2,95.64,97.63,99.22,82.317
55.24,88.23,77.01,65.87,55.22,74.29400000000001
85.84,59.23,67.42,92.5,52.37,66.6545
64.98,67.5,67.45,76.5,52.25,77.45
58.32,83.28,56.57,61.41,60.84,61.637
57.39,66.0,79.69,59.67,78.96,71.2905
65.75,87.59,79.11,84.75,75.28,74.6705
79.63,79.7,90.0,98.24,67.5,85.942
67.92,64.63,60.06,59.15,54.44,56.835
51.03,70.24,64.54,55.77,61.69,63.382000000000005
54.85,98.03,54.86,69.35,59.21,65.05199999999999
64.53,79.7,64.77,69.69,87.28,76.278
82.99,94.3,71.41,90.31,89.0,89.747
54.93,50.73,98.2,73.44,88.85,68.039
78.03,68.99,82.65,53.12,98.45,69.357
55.99,94.52,89.14,96.03,94.21,84.7515
60.58,59.36,66.28,68.66,74.89,60.978
58.61,98.06,57.23,83.43,70.75,72.77
53.36,45.82,62.84,83.37,95.79,80.614
83.57,94.16,62.82,52.82,80.56,65.899
73.17,66.71,79.16,50.18,64.72,60.114
91.55,44.42,67.07,54.4,78.22,55.588
54.94,92.77,92.87,97.83,99.61,85.451
57.24,55.12,99.43,89.7,92.47,78.0645
65.32,41.34,67.16,56.6,64.06,58.8235
88.29,48.15,85.25,80.74,97.65,72.592
65.29,79.55,82.87,80.6,99.07,71.9275
70.42,98.67,59.72,50.03,61.56,64.49849999999999
65.08,46.69,95.9,71.45,94.78,64.4265
54.01,67.72,59.97,85.59,94.16,82.5515
96.97,50.84,86.85,59.34,51.99,57.182
77.43,84.7,67.38,92.55,83.48,80.32749999999999
89.39,47.08,68.35,83.02,65.26,68.344
82.92,54.39,72.77,50.35,83.73,62.602
75.71,51.78,93.23,92.75,95.68,75.6245
54.48,73.15,57.01,50.97,74.94,63.16649999999999
82.14,92.39,52.73,94.4,70.72,82.7025
57.77,70.67,70.1,66.69,96.08,66.99549999999999
70.72,43.49,52.78,84.93,98.71,65.843
81.46,73.8,84.38,89.37,53.11,79.22149999999999
89.11,87.85,88.02,64.06,96.14,71.34
84.25,47.93,92.74,67.82,54.14,71.263
83.58,44.36,87.19,75.48,66.86,63.755
57.45,51.27,95.82,79.13,88.13,75.613
67.31,84.77,87.42,64.6,88.85,73.44349999999999
52.15,75.5,96.8,99.62,86.29,78.4525
85.97,72.44,59.66,86.85,51.96,72.0985
97.63,54.97,74.99,63.71,56.65,62.8495
63.21,59.93,99.7,82.02,96.81,75.699
54.38,97.95,84.08,71.77,54.07,73.8425
73.78,54.44,93.93,93.02,53.93,76.077
92.83,94.1,51.52,66.45,91.78,65.2435
77.6,74.83,93.59,59.39,82.06,77.786
52.34,47.4,84.89,52.31,67.58,65.45700000000001
98.71,68.04,58.54,99.22,58.29,70.14949999999999
91.43,96.91,51.28,67.96,94.21,78.07
56.58,65.11,63.0,61.03,99.43,62.481
96.09,91.8,95.79,74.59,52.5,78.37299999999999
72.53,55.39,83.41,64.58,77.71,65.7225
68.59,74.26,95.97,61.65,63.07,71.8315
73.05,90.63,72.31,80.82,91.62,79.44399999999999
91.73,95.24,96.83,53.74,67.3,73.88250000000001
82.97,69.15,73.15,75.45,85.73,68.96300000000001
52.96,78.38,60.21,69.37,76.98,67.2125
97.88,40.18,57.57,76.63,77.08,62.027
57.39,55.19,99.69,66.02,92.9,64.65799999999999
87.28,56.72,66.69,78.52,73.52,65.2945
81.81,45.61,58.0,54.09,92.28,63.5265
59.38,56.78,50.42,68.81,68.17,68.6175
58.54,59.27,64.28,61.87,58.74,62.245
93.52,98.13,94.46,71.9,72.77,74.8205
70.98,80.12,76.7,69.92,74.92,79.431
82.73,65.56,81.62,81.56,73.92,77.69200000000001
75.2,99.28,96.12,81.44,90.42,79.58399999999999
86.37,49.19,75.64,70.67,78.23,58.571000000000005
73.96,68.56,91.91,59.08,94.42,74.3515
64.37,78.82,66.19,79.1,75.71,76.1475
68.17,43.33,98.86,98.33,61.24,70.64150000000001
92.95,83.02,53.94,59.27,56.47,63.562
73.4,45.99,86.24,53.45,93.42,64.5515
60.67,48.42,83.03,63.23,52.81,61.94749999999999
96.73,49.58,59.58,70.65,55.88,66.28450000000001
89.83,95.73,69.44,65.31,53.18,70.254
52.78,80.99,65.64,91.74,71.19,80.97800000000001
99.95,79.33,54.72,74.65,76.63,68.50800000000001
84.75,73.33,79.24,62.31,50.99,64.465
58.01,57.57,99.68,97.51,75.78,82.33600000000001
61.86,77.25,77.98,56.25,69.69,70.70100000000001
84.62,64.61,77.26,56.15,88.68,72.076
88.99,48.72,52.02,62.26,91.5,62.3415
61.95,81.38,56.96,53.84,84.25,56.5955
62.85,47.77,75.66,87.58,73.67,78.3655
65.36,51.44,99.26,65.64,60.81,68.21050000000001
79.9,89.06,93.83,86.49,92.36,89.46900000000001
58.59,79.61,67.01,88.14,67.08,69.9255
55.21,77.86,77.15,61.88,67.81,68.1815
83.94,65.09,77.64,75.92,95.8,69.4455
88.95,63.78,84.27,75.98,98.78,82.217
75.05,81.42,84.39,93.57,94.91,89.4435
68.19,84.4,89.49,51.28,99.91,70.4685
71.6,70.61,51.25,65.84,93.45,62.916
69.42,98.16,97.18,94.12,85.22,80.2565
98.0,97.34,53.5,61.84,64.69,69.2995
88.4,64.75,73.81,56.84,97.65,68.056
60.4,89.24,95.98,78.81,93.83,84.7415
69.21,72.6,74.38,65.29,62.04,62.8305
77.2,70.71,53.18,73.36,74.46,67.80749999999999
80.65,43.3,61.46,91.0,53.5,59.404
73.41,74.44,78.93,76.03,97.67,74.864
90.51,94.03,54.39,75.79,78.64,71.8065
88.38,86.81,71.18,63.91,62.26,75.8
75.26,87.18,66.45,89.64,64.62,76.20100000000001
92.72,49.6,90.76,86.99,99.03,75.60900000000001
87.55,61.51,55.51,61.71,80.78,60.774
88.93,53.99,84.14,66.0,71.03,71.4625
97.82,58.95,70.33,89.43,74.99,67.525
63.32,74.77,79.39,67.89,54.93,64.9365
63.38,61.89,60.28,70.18,53.75,72.87700000000001
94.45,73.64,80.49,68.22,79.64,72.91449999999999
88.61,66.31,83.7,58.08,75.6,67.8655
96.33,57.2,53.51,67.04,67.96,61.027
53.16,45.72,91.22,90.15,78.31,81.947
81.39,93.51,93.06,74.55,53.63,72.68599999999999
57.23,40.68,53.18,72.91,97.2,60.197
75.19,40.1,80.16,57.82,64.69,54.971500000000006
57.79,89.61,79.7,58.88,53.59,63.822
56.4,99.81,50.62,52.15,58.48,70.4125
50.61,83.63,67.12,50.7,54.77,66.87450000000001
81.51,40.92,98.45,74.4,58.93,70.436
67.95,53.6,77.77,70.46,70.84,74.29750000000001
55.26,98.31,96.66,63.77,86.9,73.154
66.14,88.52,83.78,99.5,63.62,76.127
58.45,74.01,51.42,69.9,71.8,67.287
97.08,54.21,53.89,89.44,96.44,75.01849999999999
66.0,40.86,86.11,60.53,64.79,63.5485
66.7,41.25,77.73,62.35,89.74,60.6585
91.99,76.72,56.36,78.42,57.89,68.7245
82.39,41.31,80.7,50.2,58.92,57.42600000000001
85.51,99.62,90.51,50.87,72.81,65.434
81.8,51.0,87.65,57.11,61.71,61.4315
97.31,82.64,62.31,61.16,95.15,67.213
60.35,49.3,62.91,76.39,52.54,62.54499999999999
99.45,72.41,98.39,84.31,79.86,74.0915
91.55,44.84,94.37,65.59,80.21,76.97200000000001
79.45,86.01,65.92,61.95,53.3,71.3495
83.12,75.1,91.2,91.14,86.63,80.5275
82.44,45.17,58.09,58.14,73.44,65.62
52.92,90.92,59.84,83.92,86.15,81.30749999999999
60.9,72.82,59.06,96.57,91.35,76.538
98.07,95.3,54.39,61.61,66.14,65.583
76.72,95.0,92.73,54.35,74.22,77.01650000000001
68.92,95.23,78.94,98.99,63.04,82.8565
88.1,44.67,62.95,63.54,60.08,56.903
76.23,47.26,92.43,63.78,50.03,67.94550000000001
50.66,99.26,90.13,74.19,98.18,75.4035
86.81,69.26,55.05,61.55,72.05,61.8815
86.61,54.29,82.21,99.64,50.65,70.97949999999999
58.26,86.18,86.09,52.15,50.45,64.32050000000001
97.83,55.86,85.79,72.57,64.42,59.6805
61.2,83.63,86.16,77.42,50.7,81.3145
72.89,90.24,58.47,73.35,68.73,66.8445
55.74,87.06,65.75,76.03,53.15,65.95049999999999
80.16,56.44,92.21,99.38,51.96,70.63749999999999
68.77,64.1,94.92,93.85,83.47,80.16499999999999
67.66,64.8,63.96,65.42,95.34,76.444
91.35,69.48,51.15,77.57,70.47,64.4325
50.48,50.04,92.99,50.02,91.84,59.3895
89.9,67.15,68.85,70.48,51.46,65.60000000000001
78.57,70.65,66.47,58.19,88.88,65.658
99.3,71.9,67.35,85.57,53.14,70.90749999999998
79.47,89.19,70.78,61.05,91.92,70.27499999999999
52.77,71.04,68.91,87.44,94.12,74.994
52.53,53.85,78.32,65.66,89.3,66.991
94.16,79.79,53.95,96.29,91.04,83.34700000000001
92.06,87.84,98.58,72.27,78.07,71.731
67.29,59.16,96.82,91.98,63.24,73.41749999999999
80.9,78.72,96.72,81.41,82.16,83.3875
74.48,48.82,93.96,98.87,71.98,81.071
98.36,60.52,83.02,87.14,50.27,69.1975
97.5,94.55,61.06,86.39,73.84,85.435
99.19,94.68,52.47,63.24,82.56,73.66550000000001
93.32,74.52,54.97,75.24,50.69,62.6795
95.48,82.14,66.2,64.51,81.07,68.001
60.86,91.24,75.19,50.96,82.63,65.838
91.55,97.51,99.66,85.53,57.91,77.50550000000001
85.44,69.39,71.77,61.79,71.55,65.9085
98.14,73.69,76.23,69.87,98.22,73.3185
78.56,64.94,84.76,64.23,94.21,76.57000000000001
54.26,44.32,59.04,59.98,70.54,59.6245
79.87,65.37,96.64,53.36,67.49,63.406000000000006
84.33,87.44,76.45,66.89,56.2,69.3255
61.02,88.29,63.81,54.09,51.76,64.82050000000001
69.71,93.54,96.76,77.02,64.87,82.90799999999999
79.93,43.09,81.27,50.98,97.01,62.8715
68.71,71.63,74.18,97.0,97.93,83.9495
68.75,46.45,79.01,98.32,90.63,76.568
56.65,52.04,87.42,65.23,67.54,69.72200000000001
97.04,94.01,57.73,63.01,57.18,63.157
87.52,69.81,93.24,55.22,79.78,67.1765
50.06,85.51,97.98,95.25,82.33,83.8515
88.28,43.86,78.35,79.34,71.23,74.66149999999999
86.99,65.01,84.11,80.51,84.58,78.179
50.49,80.45,92.99,94.79,87.33,91.841
68.48,48.0,68.74,95.54,89.15,71.048
80.34,59.55,99.64,91.42,75.11,80.233
72.64,43.87,84.03,88.67,89.58,72.999
88.9,79.08,71.2,93.86,51.27,79.1295
71.27,98.25,83.87,93.8,84.02,88.89
57.69,89.62,76.08,68.43,61.78,74.3745
98.82,98.48,55.58,98.67,63.53,82.2955
62.1,90.74,89.79,85.46,54.57,80.15199999999999
85.88,91.31,78.22,68.51,59.62,77.55449999999999
57.16,74.63,89.79,72.1,99.6,76.858
66.45,71.1,57.75,84.36,70.77,74.47999999999999
72.1,64.38,76.92,68.05,96.39,79.8015
59.61,89.09,88.33,91.33,58.14,77.9935
72.5,50.92,99.42,57.4,60.2,68.6135
57.86,43.37,94.22,95.38,77.89,74.7815
77.95,96.87,93.22,65.06,67.48,70.81700000000001
83.19,40.23,62.37,57.64,82.2,60.7795
53.12,98.61,91.9,92.9,71.1,81.434
93.56,83.73,58.46,61.97,90.58,69.58749999999999
59.26,59.71,59.91,92.17,71.58,79.7945
61.27,81.87,55.51,64.81,78.62,59.732
83.07,89.07,92.88,96.69,66.05,75.742
73.44,54.72,55.41,60.95,85.2,67.152
74.97,86.25,56.91,53.48,82.74,62.107
56.41,88.26,62.29,96.83,69.85,75.6115
90.29,54.96,78.63,58.28,63.8,62.4125
80.85,42.52,94.01,97.21,80.71,73.6635
56.77,52.25,70.91,91.2,97.16,68.0375
68.7,52.04,77.31,54.1,56.63,66.79799999999999
90.52,43.91,58.32,72.26,89.96,62.526
78.42,83.56,63.3,53.67,77.15,66.92
55.43,62.8,56.7,66.49,76.28,70.325
68.64,93.06,70.5,67.58,98.08,77.78349999999999
62.13,55.13,79.52,79.98,80.29,64.5055
75.87,67.19,64.2,98.79,91.53,76.551
92.17,78.34,92.3,58.49,75.72,73.175
71.81,92.65,99.06,66.46,62.49,76.5635
71.67,71.48,56.01,79.36,84.72,75.561
95.27,62.41,50.89,58.57,96.16,62.6795
78.81,92.02,89.49,85.54,92.06,76.7595
78.31,58.61,59.53,70.18,59.92,66.4495
63.1,44.77,67.66,97.48,65.84,73.19
80.39,66.7,69.71,81.49,75.84,73.5625
78.8,87.11,95.83,68.15,78.58,68.0865
69.84,41.85,82.94,85.97,59.69,64.1985
99.53,75.15,52.03,91.94,61.5,80.969
94.09,75.67,50.74,90.02,87.94,71.124
87.48,95.71,59.98,63.14,86.52,67.94
76.87,57.19,65.91,70.85,91.96,74.70599999999999
73.1,56.73,74.23,72.61,96.65,71.16199999999999
59.24,66.43,91.89,69.42,65.41,64.6225
65.29,61.41,65.74,65.54,92.98,66.265
88.7,84.18,68.83,87.64,83.3,79.46849999999999
72.69,78.51,66.47,50.61,97.89,68.38650000000001
94.11,85.54,50.45,64.68,63.6,71.8275
57.4,89.2,97.76,57.08,63.48,66.93599999999999
75.42,95.38,56.95,56.44,85.21,72.56750000000001
82.35,65.86,64.38,63.85,96.42,61.018
75.84,99.08,56.47,88.11,91.23,78.2585
94.46,52.94,74.53,98.47,86.35,78.58149999999999
99.48,82.86,96.61,75.73,69.37,70.04400000000001
55.79,72.04,55.04,66.95,85.89,68.8435
56.5,89.01,72.04,91.46,90.05,76.188
56.52,68.61,51.12,53.36,87.66,54.98349999999999
84.06,87.04,88.54,54.66,83.84,72.7865
68.63,95.81,82.06,67.27,52.36,72.8675
86.67,83.94,84.98,72.42,82.99,69.733
70.27,86.57,73.62,89.89,73.91,83.69399999999999
81.38,44.03,95.38,96.26,98.08,76.74499999999999
88.49,52.3,70.48,76.56,80.36,65.241
77.41,98.46,75.7,74.78,80.41,69.969
76.98,81.59,84.76,60.65,99.7,66.625
54.41,73.69,76.03,72.56,54.68,65.519
70.54,62.02,59.47,96.18,63.82,77.507
77.29,42.66,65.85,69.64,82.8,65.26599999999999
73.1,62.15,54.61,60.53,65.76,58.9165
95.04,69.93,71.63,66.86,67.31,77.25800000000001
95.33,52.69,80.47,75.73,94.63,72.33600000000001
91.1,50.39,55.93,79.93,78.97,60.339
68.76,70.5,81.53,71.62,55.14,66.6695
85.86,75.15,94.64,87.93,65.54,76.3465
69.76,54.4,66.89,79.22,53.8,66.9745
61.63,75.24,61.1,83.25,77.81,69.7645
67.15,94.02,94.65,93.15,58.66,81.7465
53.55,68.39,84.6,93.28,92.86,80.4035
66.59,91.44,55.27,60.18,78.87,73.5575
73.04,95.64,70.41,81.17,52.97,77.493
97.77,45.54,83.7,85.83,65.04,67.379
65.67,45.75,78.72,57.29,80.82,56.957
95.12,68.56,80.93,92.14,66.77,78.8
61.44,75.29,78.36,59.02,75.66,65.272
59.55,65.55,89.9,89.96,95.47,73.8925
75.95,59.59,66.02,58.07,67.5,65.445
83.63,78.46,85.42,87.09,66.79,72.87049999999999
52.22,40.12,99.55,57.41,90.99,72.55
61.05,98.08,69.5,68.94,65.94,69.9205
72.78,53.92,89.55,57.18,53.9,69.8995
66.55,95.03,62.31,63.54,59.05,70.6055
85.63,46.54,64.09,99.23,97.44,68.47749999999999
75.56,54.29,96.74,55.38,96.66,70.84700000000001
58.02,54.09,51.3,70.32,61.24,65.4085
94.72,99.77,60.87,83.85,77.68,80.67399999999999
64.65,40.28,74.15,54.73,56.87,57.188
86.56,78.38,70.09,55.45,83.73,69.306
89.0,92.18,81.46,57.16,59.27,66.166
98.16,80.34,59.64,82.25,52.49,68.0285
74.93,61.76,53.53,95.47,91.24,83.26599999999999
80.79,97.5,68.47,91.3,66.27,74.3425
66.74,93.61,76.22,99.15,55.43,74.975
83.91,66.04,78.1,78.91,91.7,67.134
73.17,74.4,80.07,98.07,88.12,84.7735
71.88,98.05,77.43,65.25,84.19,76.731
92.77,98.95,62.29,71.08,95.56,77.52349999999998
52.51,66.99,88.23,69.8,74.46,76.02149999999999
94.1,90.84,54.39,52.37,56.4,66.72300000000001
92.6,58.12,59.92,91.49,53.07,70.825
75.32,62.31,86.97,51.24,65.92,57.3985
74.51,49.89,63.99,86.49,54.34,64.4605
68.09,52.55,74.67,70.35,76.78,66.871
99.71,79.41,66.36,50.31,50.72,61.718
55.56,70.65,75.35,64.5,72.19,70.154
79.51,53.87,67.33,67.31,58.92,63.8275
84.08,64.17,99.71,98.24,68.41,84.2575
96.72,62.39,67.87,83.05,83.75,64.2415
89.01,99.24,81.35,77.18,67.55,68.815
82.19,91.21,94.42,56.35,67.07,72.9665
55.84,63.28,81.9,69.56,99.54,67.4065
68.69,94.83,78.29,51.79,85.94,74.8165
56.94,60.56,78.46,88.08,75.69,73.8485
94.06,80.07,74.82,58.14,78.97,77.455
87.48,98.0,90.38,79.72,81.01,86.06400000000001
87.88,63.42,52.52,84.97,51.23,64.2825
82.61,80.79,94.26,68.33,54.01,76.12750000000001
75.35,57.76,79.31,81.63,82.46,69.91049999999998
57.5,55.98,92.44,88.21,68.22,75.968
66.48,74.45,50.52,59.21,52.77,65.303
56.85,98.76,93.46,80.04,64.88,79.773
86.25,67.19,56.01,86.69,56.51,69.3605
58.01,96.26,86.06,67.85,95.82,73.0025
85.11,94.86,70.83,58.12,60.15,72.247
84.61,55.23,84.05,64.31,57.18,63.5405
72.97,64.11,81.41,96.65,81.31,85.2415
56.76,78.6,58.17,67.87,76.1,68.7065
65.74,71.08,75.73,55.39,78.8,64.1335
66.0,45.76,63.86,54.14,71.8,55.265
85.02,99.62,78.02,59.02,73.36,66.4255
55.69,85.16,86.9,56.38,88.94,76.682
91.45,66.26,54.06,74.75,61.0,69.02300000000001
88.05,77.09,75.79,67.38,69.83,70.4115
59.32,45.25,80.88,92.07,97.89,75.17949999999999
85.96,69.72,64.77,94.05,59.5,74.546
83.43,95.85,97.65,73.66,64.69,74.5895
87.41,93.8,76.02,94.43,59.58,82.3
59.45,60.24,59.13,72.52,51.02,60.8835
57.88,71.88,55.39,82.1,63.49,72.737
61.82,81.84,77.08,58.13,52.32,71.339
68.29,60.4,68.76,52.63,57.73,58.806
89.68,43.89,59.63,58.0,68.13,63.056
86.9,70.33,51.53,62.59,51.04,63.795
96.27,76.1,78.33,87.55,87.65,72.08449999999999
52.93,40.35,79.93,58.68,89.78,56.924
50.58,45.73,57.09,56.53,70.57,64.409
84.96,52.44,80.09,96.38,99.23,82.589
63.96,60.88,97.6,84.44,83.95,84.0065
66.7,72.46,98.91,73.67,87.19,80.3755
77.34,57.63,94.42,54.75,59.62,58.86449999999999
55.12,56.57,90.35,92.59,91.87,70.582
82.13,92.16,60.47,55.41,97.25,64.83250000000001
66.26,48.7,57.82,80.55,61.82,69.69749999999999
81.64,69.73,72.25,83.38,84.32,83.623
91.7,97.17,80.98,70.01,87.35,72.10050000000001
58.56,77.5,92.53,95.56,65.26,82.296
96.54,83.03,61.6,52.54,73.75,66.224
76.53,65.87,73.98,90.91,54.88,65.256
96.15,41.2,82.37,77.69,58.65,67.02499999999999
60.39,78.77,72.28,80.56,53.08,75.0285
80.23,77.92,72.71,99.34,78.01,78.15
70.19,46.63,61.26,79.13,81.26,71.51350000000001
88.71,67.73,99.33,89.85,95.81,77.33500000000001
80.3,94.92,73.76,57.68,77.11,61.8995
74.73,52.31,76.64,90.46,63.03,67.9435
95.65,67.67,60.93,88.05,52.97,75.28699999999999
68.86,67.67,75.71,98.41,94.25,76.85499999999999
61.0,88.65,62.77,96.79,73.94,83.404
80.41,89.47,60.12,60.7,86.87,70.15800000000002
81.2,85.56,63.79,73.25,50.73,67.898
71.95,61.93,50.14,95.57,74.41,78.85499999999999
74.33,44.32,78.51,82.04,66.29,67.873
97.98,60.97,69.37,73.19,51.52,72.435
86.63,80.79,94.93,55.45,88.78,66.27600000000001
55.53,82.16,52.04,67.59,75.65,71.862
60.61,97.9,52.16,83.26,66.66,77.428
98.78,67.22,94.29,88.85,90.29,84.328
86.32,77.95,56.33,72.36,72.35,66.565
95.75,72.35,50.11,52.79,50.17,62.200500000000005
65.19,49.04,58.95,81.66,97.22,71.77850000000001
87.09,67.67,91.19,96.08,62.78,75.14349999999999
85.7,72.69,90.14,74.82,91.53,70.57849999999999
64.73,97.04,67.01,96.42,90.82,77.08800000000001
77.54,61.99,83.4,67.71,58.12,73.84349999999999
81.37,98.81,75.36,94.32,73.7,87.93900000000001
74.06,72.54,95.24,89.32,52.01,75.559
91.36,54.55,52.82,98.09,67.73,78.16300000000001
91.64,51.5,90.66,89.55,86.55,69.7915
92.53,48.5,58.53,66.07,61.85,62.928
90.17,67.18,69.58,95.03,55.86,79.3065
74.4,41.32,59.6,83.49,75.36,70.4985
69.07,66.7,85.13,58.1,76.85,64.907
91.57,99.3,83.92,52.3,83.79,73.59450000000001
74.51,80.21,77.39,68.29,87.96,71.62049999999999
62.32,85.59,84.91,89.34,84.79,85.7635
75.37,47.14,81.98,80.91,92.27,74.6555
57.09,68.39,88.82,76.36,61.15,76.587
84.58,57.17,61.97,50.19,78.49,54.2695
66.8,93.65,71.45,71.78,68.0,73.10900000000001
63.03,50.88,57.58,57.89,98.11,65.962
97.83,67.52,71.48,72.73,72.01,69.475
88.84,75.28,85.08,99.59,97.99,89.07499999999999
89.35,70.84,84.57,93.98,88.45,86.503
81.19,89.81,85.47,65.53,85.92,77.258
91.96,53.89,65.44,79.68,74.58,64.3265
87.96,62.64,83.11,75.1,72.17,74.072
79.94,87.53,68.37,56.5,76.33,60.633
98.06,71.68,97.22,99.49,64.68,82.6575
59.58,64.13,67.17,71.26,95.23,76.60849999999999
97.17,41.77,80.15,75.28,89.72,62.0065
70.07,85.2,87.51,82.38,90.07,85.7525
76.42,98.33,95.32,59.58,71.66,80.2875
56.14,77.22,71.9,61.11,53.55,66.4735
77.01,91.39,68.02,59.63,84.15,66.333
80.56,71.01,71.5,69.22,68.72,65.702
99.89,53.9,66.18,59.98,93.52,69.968
98.76,40.87,82.7,96.32,89.02,73.0185
98.32,79.2,96.64,85.72,57.27,79.654
67.42,69.59,56.3,94.89,80.09,68.987
99.56,86.93,78.05,92.42,84.61,74.7115
72.77,81.68,94.88,85.16,78.41,82.35799999999999
92.59,99.28,55.01,62.14,75.7,67.9705
60.82,70.62,74.69,80.77,61.39,79.354
75.29,65.63,93.26,59.31,61.8,70.134
98.3,57.2,95.02,56.62,88.4,71.4065
97.35,68.61,75.72,81.63,50.93,65.7815
84.19,92.37,51.25,81.23,88.95,80.4445
89.89,42.55,55.28,57.83,76.34,53.425
58.82,98.67,79.34,67.62,96.81,76.0135
86.08,99.6,56.19,53.31,99.87,70.2185
80.9,75.87,57.47,85.79,83.17,71.965
54.58,59.89,88.61,99.37,70.61,82.327
55.66,53.38,87.53,87.0,73.75,79.339
55.42,56.59,92.14,92.21,60.21,72.4085
86.22,43.01,55.29,73.82,54.96,62.872
57.09,68.51,59.91,54.78,78.94,66.2935
73.39,43.44,91.65,86.33,90.27,72.7145
67.85,83.11,86.05,62.83,63.09,65.4795
77.53,62.32,90.3,69.41,70.98,70.27149999999999
85.32,51.96,99.49,85.15,77.74,73.7415
84.24,72.69,93.22,95.24,95.39,75.71499999999999
75.78,98.43,76.02,74.31,56.93,71.256
73.22,81.71,65.54,98.08,61.84,78.7555
69.89,69.5,78.48,76.0,95.93,68.0675
93.1,86.61,81.93,56.13,51.98,66.97049999999999
66.54,84.25,66.77,75.92,82.81,80.45
62.97,93.5,88.55,93.03,81.98,92.652
87.17,52.28,54.64,76.9,69.16,73.2165
67.99,91.53,88.97,87.39,73.41,77.423
92.35,58.06,51.6,77.4,92.75,62.45399999999999
66.39,96.46,74.9,77.3,58.25,78.3315
85.1,56.86,93.07,64.24,61.58,62.4645
52.26,95.61,54.32,60.06,75.62,61.4145
69.28,97.83,75.89,63.95,70.49,71.5645
67.16,48.73,57.97,72.04,78.72,58.194
90.83,98.47,94.74,90.48,96.04,90.167
98.35,45.14,91.62,91.45,95.86,83.4425
73.04,53.11,96.7,58.17,61.5,72.32499999999999
91.24,66.65,93.75,77.64,65.11,79.44550000000001
84.98,99.62,86.83,70.8,58.1,72.03750000000001
98.37,69.31,59.24,78.55,96.39,74.73400000000001
90.56,73.02,65.13,82.38,69.89,70.3555
53.87,81.67,74.84,63.98,72.49,73.607
85.66,98.1,79.44,95.96,90.13,78.74699999999999
76.77,87.0,89.11,96.77,75.65,84.0425
50.82,53.45,61.35,55.27,55.99,67.6875
62.57,58.18,56.41,85.15,71.89,61.6775
96.09,45.86,74.13,51.66,81.53,53.547
96.3,78.67,57.89,52.33,85.96,59.024
89.94,50.84,84.69,97.89,82.27,74.756
99.09,55.44,78.78,84.74,55.96,68.6585
90.33,93.29,87.06,66.23,65.22,78.7485
